/Users/harshadakumbhare/Documents/GitHub/research_project/MAESTRO_v2/src/tools/analytics.py:176: SettingWithCopyWarning: 
A value is trying to be set on a copy of a slice from a DataFrame.
Try using .loc[row_indexer,col_indexer] = value instead

See the caveats in the documentation: https://pandas.pydata.org/pandas-docs/stable/user_guide/indexing.html#returning-a-view-versus-a-copy
  data["session_duration_seconds"] = data["session_duration_seconds"].astype(float)
/Users/harshadakumbhare/Documents/GitHub/research_project/MAESTRO_v2/src/tools/analytics.py:176: SettingWithCopyWarning: 
A value is trying to be set on a copy of a slice from a DataFrame.
Try using .loc[row_indexer,col_indexer] = value instead

See the caveats in the documentation: https://pandas.pydata.org/pandas-docs/stable/user_guide/indexing.html#returning-a-view-versus-a-copy
  data["session_duration_seconds"] = data["session_duration_seconds"].astype(float)
/Users/harshadakumbhare/Documents/GitHub/research_project/MAESTRO_v2/src/tools/analytics.py:176: SettingWithCopyWarning: 
A value is trying to be set on a copy of a slice from a DataFrame.
Try using .loc[row_indexer,col_indexer] = value instead

See the caveats in the documentation: https://pandas.pydata.org/pandas-docs/stable/user_guide/indexing.html#returning-a-view-versus-a-copy
  data["session_duration_seconds"] = data["session_duration_seconds"].astype(float)
/Users/harshadakumbhare/Documents/GitHub/research_project/MAESTRO_v2/src/tools/analytics.py:123: SettingWithCopyWarning: 
A value is trying to be set on a copy of a slice from a DataFrame.
Try using .loc[row_indexer,col_indexer] = value instead

See the caveats in the documentation: https://pandas.pydata.org/pandas-docs/stable/user_guide/indexing.html#returning-a-view-versus-a-copy
  data["user_engaged"] = data["user_engaged"].astype(bool).astype(int)
/Users/harshadakumbhare/Documents/GitHub/research_project/MAESTRO_v2/src/tools/analytics.py:123: SettingWithCopyWarning: 
A value is trying to be set on a copy of a slice from a DataFrame.
Try using .loc[row_indexer,col_indexer] = value instead

See the caveats in the documentation: https://pandas.pydata.org/pandas-docs/stable/user_guide/indexing.html#returning-a-view-versus-a-copy
  data["user_engaged"] = data["user_engaged"].astype(bool).astype(int)
/Users/harshadakumbhare/Documents/GitHub/research_project/MAESTRO_v2/src/tools/analytics.py:123: SettingWithCopyWarning: 
A value is trying to be set on a copy of a slice from a DataFrame.
Try using .loc[row_indexer,col_indexer] = value instead

See the caveats in the documentation: https://pandas.pydata.org/pandas-docs/stable/user_guide/indexing.html#returning-a-view-versus-a-copy
  data["user_engaged"] = data["user_engaged"].astype(bool).astype(int)
/Users/harshadakumbhare/Documents/GitHub/research_project/MAESTRO_v2/src/tools/analytics.py:123: SettingWithCopyWarning: 
A value is trying to be set on a copy of a slice from a DataFrame.
Try using .loc[row_indexer,col_indexer] = value instead

See the caveats in the documentation: https://pandas.pydata.org/pandas-docs/stable/user_guide/indexing.html#returning-a-view-versus-a-copy
  data["user_engaged"] = data["user_engaged"].astype(bool).astype(int)
/Users/harshadakumbhare/Documents/GitHub/research_project/MAESTRO_v2/src/tools/analytics.py:176: SettingWithCopyWarning: 
A value is trying to be set on a copy of a slice from a DataFrame.
Try using .loc[row_indexer,col_indexer] = value instead

See the caveats in the documentation: https://pandas.pydata.org/pandas-docs/stable/user_guide/indexing.html#returning-a-view-versus-a-copy
  data["session_duration_seconds"] = data["session_duration_seconds"].astype(float)
/Users/harshadakumbhare/Documents/GitHub/research_project/MAESTRO_v2/src/tools/analytics.py:123: SettingWithCopyWarning: 
A value is trying to be set on a copy of a slice from a DataFrame.
Try using .loc[row_indexer,col_indexer] = value instead

See the caveats in the documentation: https://pandas.pydata.org/pandas-docs/stable/user_guide/indexing.html#returning-a-view-versus-a-copy
  data["user_engaged"] = data["user_engaged"].astype(bool).astype(int)
/Users/harshadakumbhare/Documents/GitHub/research_project/MAESTRO_v2/src/tools/analytics.py:123: SettingWithCopyWarning: 
A value is trying to be set on a copy of a slice from a DataFrame.
Try using .loc[row_indexer,col_indexer] = value instead

See the caveats in the documentation: https://pandas.pydata.org/pandas-docs/stable/user_guide/indexing.html#returning-a-view-versus-a-copy
  data["user_engaged"] = data["user_engaged"].astype(bool).astype(int)
/Users/harshadakumbhare/Documents/GitHub/research_project/MAESTRO_v2/src/tools/analytics.py:123: SettingWithCopyWarning: 
A value is trying to be set on a copy of a slice from a DataFrame.
Try using .loc[row_indexer,col_indexer] = value instead

See the caveats in the documentation: https://pandas.pydata.org/pandas-docs/stable/user_guide/indexing.html#returning-a-view-versus-a-copy
  data["user_engaged"] = data["user_engaged"].astype(bool).astype(int)
/Users/harshadakumbhare/Documents/GitHub/research_project/MAESTRO_v2/src/tools/analytics.py:123: SettingWithCopyWarning: 
A value is trying to be set on a copy of a slice from a DataFrame.
Try using .loc[row_indexer,col_indexer] = value instead

See the caveats in the documentation: https://pandas.pydata.org/pandas-docs/stable/user_guide/indexing.html#returning-a-view-versus-a-copy
  data["user_engaged"] = data["user_engaged"].astype(bool).astype(int)
/Users/harshadakumbhare/Documents/GitHub/research_project/MAESTRO_v2/src/tools/analytics.py:123: SettingWithCopyWarning: 
A value is trying to be set on a copy of a slice from a DataFrame.
Try using .loc[row_indexer,col_indexer] = value instead

See the caveats in the documentation: https://pandas.pydata.org/pandas-docs/stable/user_guide/indexing.html#returning-a-view-versus-a-copy
  data["user_engaged"] = data["user_engaged"].astype(bool).astype(int)
/Users/harshadakumbhare/Documents/GitHub/research_project/MAESTRO_v2/src/tools/analytics.py:123: SettingWithCopyWarning: 
A value is trying to be set on a copy of a slice from a DataFrame.
Try using .loc[row_indexer,col_indexer] = value instead

See the caveats in the documentation: https://pandas.pydata.org/pandas-docs/stable/user_guide/indexing.html#returning-a-view-versus-a-copy
  data["user_engaged"] = data["user_engaged"].astype(bool).astype(int)
/Users/harshadakumbhare/Documents/GitHub/research_project/MAESTRO_v2/src/tools/analytics.py:123: SettingWithCopyWarning: 
A value is trying to be set on a copy of a slice from a DataFrame.
Try using .loc[row_indexer,col_indexer] = value instead

See the caveats in the documentation: https://pandas.pydata.org/pandas-docs/stable/user_guide/indexing.html#returning-a-view-versus-a-copy
  data["user_engaged"] = data["user_engaged"].astype(bool).astype(int)
/Users/harshadakumbhare/Documents/GitHub/research_project/MAESTRO_v2/src/tools/analytics.py:123: SettingWithCopyWarning: 
A value is trying to be set on a copy of a slice from a DataFrame.
Try using .loc[row_indexer,col_indexer] = value instead

See the caveats in the documentation: https://pandas.pydata.org/pandas-docs/stable/user_guide/indexing.html#returning-a-view-versus-a-copy
  data["user_engaged"] = data["user_engaged"].astype(bool).astype(int)
/Users/harshadakumbhare/Documents/GitHub/research_project/MAESTRO_v2/src/tools/analytics.py:176: SettingWithCopyWarning: 
A value is trying to be set on a copy of a slice from a DataFrame.
Try using .loc[row_indexer,col_indexer] = value instead

See the caveats in the documentation: https://pandas.pydata.org/pandas-docs/stable/user_guide/indexing.html#returning-a-view-versus-a-copy
  data["session_duration_seconds"] = data["session_duration_seconds"].astype(float)
/Users/harshadakumbhare/Documents/GitHub/research_project/MAESTRO_v2/src/tools/analytics.py:176: SettingWithCopyWarning: 
A value is trying to be set on a copy of a slice from a DataFrame.
Try using .loc[row_indexer,col_indexer] = value instead

See the caveats in the documentation: https://pandas.pydata.org/pandas-docs/stable/user_guide/indexing.html#returning-a-view-versus-a-copy
  data["session_duration_seconds"] = data["session_duration_seconds"].astype(float)
/Users/harshadakumbhare/Documents/GitHub/research_project/MAESTRO_v2/src/tools/analytics.py:176: SettingWithCopyWarning: 
A value is trying to be set on a copy of a slice from a DataFrame.
Try using .loc[row_indexer,col_indexer] = value instead

See the caveats in the documentation: https://pandas.pydata.org/pandas-docs/stable/user_guide/indexing.html#returning-a-view-versus-a-copy
  data["session_duration_seconds"] = data["session_duration_seconds"].astype(float)
/Users/harshadakumbhare/Documents/GitHub/research_project/MAESTRO_v2/src/tools/analytics.py:176: SettingWithCopyWarning: 
A value is trying to be set on a copy of a slice from a DataFrame.
Try using .loc[row_indexer,col_indexer] = value instead

See the caveats in the documentation: https://pandas.pydata.org/pandas-docs/stable/user_guide/indexing.html#returning-a-view-versus-a-copy
  data["session_duration_seconds"] = data["session_duration_seconds"].astype(float)
/Users/harshadakumbhare/Documents/GitHub/research_project/MAESTRO_v2/src/tools/analytics.py:176: SettingWithCopyWarning: 
A value is trying to be set on a copy of a slice from a DataFrame.
Try using .loc[row_indexer,col_indexer] = value instead

See the caveats in the documentation: https://pandas.pydata.org/pandas-docs/stable/user_guide/indexing.html#returning-a-view-versus-a-copy
  data["session_duration_seconds"] = data["session_duration_seconds"].astype(float)
/Users/harshadakumbhare/Documents/GitHub/research_project/MAESTRO_v2/src/tools/analytics.py:176: SettingWithCopyWarning: 
A value is trying to be set on a copy of a slice from a DataFrame.
Try using .loc[row_indexer,col_indexer] = value instead

See the caveats in the documentation: https://pandas.pydata.org/pandas-docs/stable/user_guide/indexing.html#returning-a-view-versus-a-copy
  data["session_duration_seconds"] = data["session_duration_seconds"].astype(float)
/Users/harshadakumbhare/Documents/GitHub/research_project/MAESTRO_v2/src/tools/analytics.py:176: SettingWithCopyWarning: 
A value is trying to be set on a copy of a slice from a DataFrame.
Try using .loc[row_indexer,col_indexer] = value instead

See the caveats in the documentation: https://pandas.pydata.org/pandas-docs/stable/user_guide/indexing.html#returning-a-view-versus-a-copy
  data["session_duration_seconds"] = data["session_duration_seconds"].astype(float)
/Users/harshadakumbhare/Documents/GitHub/research_project/MAESTRO_v2/src/tools/analytics.py:176: SettingWithCopyWarning: 
A value is trying to be set on a copy of a slice from a DataFrame.
Try using .loc[row_indexer,col_indexer] = value instead

See the caveats in the documentation: https://pandas.pydata.org/pandas-docs/stable/user_guide/indexing.html#returning-a-view-versus-a-copy
  data["session_duration_seconds"] = data["session_duration_seconds"].astype(float)
/Users/harshadakumbhare/Documents/GitHub/research_project/MAESTRO_v2/src/tools/analytics.py:123: SettingWithCopyWarning: 
A value is trying to be set on a copy of a slice from a DataFrame.
Try using .loc[row_indexer,col_indexer] = value instead

See the caveats in the documentation: https://pandas.pydata.org/pandas-docs/stable/user_guide/indexing.html#returning-a-view-versus-a-copy
  data["user_engaged"] = data["user_engaged"].astype(bool).astype(int)
/Users/harshadakumbhare/Documents/GitHub/research_project/MAESTRO_v2/src/tools/analytics.py:123: SettingWithCopyWarning: 
A value is trying to be set on a copy of a slice from a DataFrame.
Try using .loc[row_indexer,col_indexer] = value instead

See the caveats in the documentation: https://pandas.pydata.org/pandas-docs/stable/user_guide/indexing.html#returning-a-view-versus-a-copy
  data["user_engaged"] = data["user_engaged"].astype(bool).astype(int)
/Users/harshadakumbhare/Documents/GitHub/research_project/MAESTRO_v2/src/tools/analytics.py:123: SettingWithCopyWarning: 
A value is trying to be set on a copy of a slice from a DataFrame.
Try using .loc[row_indexer,col_indexer] = value instead

See the caveats in the documentation: https://pandas.pydata.org/pandas-docs/stable/user_guide/indexing.html#returning-a-view-versus-a-copy
  data["user_engaged"] = data["user_engaged"].astype(bool).astype(int)
/Users/harshadakumbhare/Documents/GitHub/research_project/MAESTRO_v2/src/tools/analytics.py:123: SettingWithCopyWarning: 
A value is trying to be set on a copy of a slice from a DataFrame.
Try using .loc[row_indexer,col_indexer] = value instead

See the caveats in the documentation: https://pandas.pydata.org/pandas-docs/stable/user_guide/indexing.html#returning-a-view-versus-a-copy
  data["user_engaged"] = data["user_engaged"].astype(bool).astype(int)
/Users/harshadakumbhare/Documents/GitHub/research_project/MAESTRO_v2/src/tools/analytics.py:123: SettingWithCopyWarning: 
A value is trying to be set on a copy of a slice from a DataFrame.
Try using .loc[row_indexer,col_indexer] = value instead

See the caveats in the documentation: https://pandas.pydata.org/pandas-docs/stable/user_guide/indexing.html#returning-a-view-versus-a-copy
  data["user_engaged"] = data["user_engaged"].astype(bool).astype(int)
/Users/harshadakumbhare/Documents/GitHub/research_project/MAESTRO_v2/src/tools/analytics.py:123: SettingWithCopyWarning: 
A value is trying to be set on a copy of a slice from a DataFrame.
Try using .loc[row_indexer,col_indexer] = value instead

See the caveats in the documentation: https://pandas.pydata.org/pandas-docs/stable/user_guide/indexing.html#returning-a-view-versus-a-copy
  data["user_engaged"] = data["user_engaged"].astype(bool).astype(int)
/Users/harshadakumbhare/Documents/GitHub/research_project/MAESTRO_v2/src/tools/analytics.py:123: SettingWithCopyWarning: 
A value is trying to be set on a copy of a slice from a DataFrame.
Try using .loc[row_indexer,col_indexer] = value instead

See the caveats in the documentation: https://pandas.pydata.org/pandas-docs/stable/user_guide/indexing.html#returning-a-view-versus-a-copy
  data["user_engaged"] = data["user_engaged"].astype(bool).astype(int)
/Users/harshadakumbhare/Documents/GitHub/research_project/MAESTRO_v2/src/tools/analytics.py:123: SettingWithCopyWarning: 
A value is trying to be set on a copy of a slice from a DataFrame.
Try using .loc[row_indexer,col_indexer] = value instead

See the caveats in the documentation: https://pandas.pydata.org/pandas-docs/stable/user_guide/indexing.html#returning-a-view-versus-a-copy
  data["user_engaged"] = data["user_engaged"].astype(bool).astype(int)
/Users/harshadakumbhare/Documents/GitHub/research_project/MAESTRO_v2/src/tools/analytics.py:176: SettingWithCopyWarning: 
A value is trying to be set on a copy of a slice from a DataFrame.
Try using .loc[row_indexer,col_indexer] = value instead

See the caveats in the documentation: https://pandas.pydata.org/pandas-docs/stable/user_guide/indexing.html#returning-a-view-versus-a-copy
  data["session_duration_seconds"] = data["session_duration_seconds"].astype(float)
/Users/harshadakumbhare/Documents/GitHub/research_project/MAESTRO_v2/src/tools/analytics.py:176: SettingWithCopyWarning: 
A value is trying to be set on a copy of a slice from a DataFrame.
Try using .loc[row_indexer,col_indexer] = value instead

See the caveats in the documentation: https://pandas.pydata.org/pandas-docs/stable/user_guide/indexing.html#returning-a-view-versus-a-copy
  data["session_duration_seconds"] = data["session_duration_seconds"].astype(float)
/Users/harshadakumbhare/Documents/GitHub/research_project/MAESTRO_v2/src/tools/analytics.py:123: SettingWithCopyWarning: 
A value is trying to be set on a copy of a slice from a DataFrame.
Try using .loc[row_indexer,col_indexer] = value instead

See the caveats in the documentation: https://pandas.pydata.org/pandas-docs/stable/user_guide/indexing.html#returning-a-view-versus-a-copy
  data["user_engaged"] = data["user_engaged"].astype(bool).astype(int)
/Users/harshadakumbhare/Documents/GitHub/research_project/MAESTRO_v2/src/tools/analytics.py:123: SettingWithCopyWarning: 
A value is trying to be set on a copy of a slice from a DataFrame.
Try using .loc[row_indexer,col_indexer] = value instead

See the caveats in the documentation: https://pandas.pydata.org/pandas-docs/stable/user_guide/indexing.html#returning-a-view-versus-a-copy
  data["user_engaged"] = data["user_engaged"].astype(bool).astype(int)
/Users/harshadakumbhare/Documents/GitHub/research_project/MAESTRO_v2/src/tools/analytics.py:123: SettingWithCopyWarning: 
A value is trying to be set on a copy of a slice from a DataFrame.
Try using .loc[row_indexer,col_indexer] = value instead

See the caveats in the documentation: https://pandas.pydata.org/pandas-docs/stable/user_guide/indexing.html#returning-a-view-versus-a-copy
  data["user_engaged"] = data["user_engaged"].astype(bool).astype(int)
/Users/harshadakumbhare/Documents/GitHub/research_project/MAESTRO_v2/src/tools/analytics.py:123: SettingWithCopyWarning: 
A value is trying to be set on a copy of a slice from a DataFrame.
Try using .loc[row_indexer,col_indexer] = value instead

See the caveats in the documentation: https://pandas.pydata.org/pandas-docs/stable/user_guide/indexing.html#returning-a-view-versus-a-copy
  data["user_engaged"] = data["user_engaged"].astype(bool).astype(int)
/Users/harshadakumbhare/Documents/GitHub/research_project/MAESTRO_v2/src/tools/analytics.py:123: SettingWithCopyWarning: 
A value is trying to be set on a copy of a slice from a DataFrame.
Try using .loc[row_indexer,col_indexer] = value instead

See the caveats in the documentation: https://pandas.pydata.org/pandas-docs/stable/user_guide/indexing.html#returning-a-view-versus-a-copy
  data["user_engaged"] = data["user_engaged"].astype(bool).astype(int)
/Users/harshadakumbhare/Documents/GitHub/research_project/MAESTRO_v2/src/tools/analytics.py:123: SettingWithCopyWarning: 
A value is trying to be set on a copy of a slice from a DataFrame.
Try using .loc[row_indexer,col_indexer] = value instead

See the caveats in the documentation: https://pandas.pydata.org/pandas-docs/stable/user_guide/indexing.html#returning-a-view-versus-a-copy
  data["user_engaged"] = data["user_engaged"].astype(bool).astype(int)
/Users/harshadakumbhare/Documents/GitHub/research_project/MAESTRO_v2/src/tools/analytics.py:123: SettingWithCopyWarning: 
A value is trying to be set on a copy of a slice from a DataFrame.
Try using .loc[row_indexer,col_indexer] = value instead

See the caveats in the documentation: https://pandas.pydata.org/pandas-docs/stable/user_guide/indexing.html#returning-a-view-versus-a-copy
  data["user_engaged"] = data["user_engaged"].astype(bool).astype(int)
/Users/harshadakumbhare/Documents/GitHub/research_project/MAESTRO_v2/src/tools/analytics.py:123: SettingWithCopyWarning: 
A value is trying to be set on a copy of a slice from a DataFrame.
Try using .loc[row_indexer,col_indexer] = value instead

See the caveats in the documentation: https://pandas.pydata.org/pandas-docs/stable/user_guide/indexing.html#returning-a-view-versus-a-copy
  data["user_engaged"] = data["user_engaged"].astype(bool).astype(int)
/Users/harshadakumbhare/Documents/GitHub/research_project/MAESTRO_v2/src/tools/analytics.py:123: SettingWithCopyWarning: 
A value is trying to be set on a copy of a slice from a DataFrame.
Try using .loc[row_indexer,col_indexer] = value instead

See the caveats in the documentation: https://pandas.pydata.org/pandas-docs/stable/user_guide/indexing.html#returning-a-view-versus-a-copy
  data["user_engaged"] = data["user_engaged"].astype(bool).astype(int)
/Users/harshadakumbhare/Documents/GitHub/research_project/MAESTRO_v2/src/tools/analytics.py:123: SettingWithCopyWarning: 
A value is trying to be set on a copy of a slice from a DataFrame.
Try using .loc[row_indexer,col_indexer] = value instead

See the caveats in the documentation: https://pandas.pydata.org/pandas-docs/stable/user_guide/indexing.html#returning-a-view-versus-a-copy
  data["user_engaged"] = data["user_engaged"].astype(bool).astype(int)
/Users/harshadakumbhare/Documents/GitHub/research_project/MAESTRO_v2/src/tools/analytics.py:123: SettingWithCopyWarning: 
A value is trying to be set on a copy of a slice from a DataFrame.
Try using .loc[row_indexer,col_indexer] = value instead

See the caveats in the documentation: https://pandas.pydata.org/pandas-docs/stable/user_guide/indexing.html#returning-a-view-versus-a-copy
  data["user_engaged"] = data["user_engaged"].astype(bool).astype(int)
/Users/harshadakumbhare/Documents/GitHub/research_project/MAESTRO_v2/src/tools/analytics.py:123: SettingWithCopyWarning: 
A value is trying to be set on a copy of a slice from a DataFrame.
Try using .loc[row_indexer,col_indexer] = value instead

See the caveats in the documentation: https://pandas.pydata.org/pandas-docs/stable/user_guide/indexing.html#returning-a-view-versus-a-copy
  data["user_engaged"] = data["user_engaged"].astype(bool).astype(int)
/Users/harshadakumbhare/Documents/GitHub/research_project/MAESTRO_v2/src/tools/analytics.py:123: SettingWithCopyWarning: 
A value is trying to be set on a copy of a slice from a DataFrame.
Try using .loc[row_indexer,col_indexer] = value instead

See the caveats in the documentation: https://pandas.pydata.org/pandas-docs/stable/user_guide/indexing.html#returning-a-view-versus-a-copy
  data["user_engaged"] = data["user_engaged"].astype(bool).astype(int)
/Users/harshadakumbhare/Documents/GitHub/research_project/MAESTRO_v2/src/tools/analytics.py:123: SettingWithCopyWarning: 
A value is trying to be set on a copy of a slice from a DataFrame.
Try using .loc[row_indexer,col_indexer] = value instead

See the caveats in the documentation: https://pandas.pydata.org/pandas-docs/stable/user_guide/indexing.html#returning-a-view-versus-a-copy
  data["user_engaged"] = data["user_engaged"].astype(bool).astype(int)
/Users/harshadakumbhare/Documents/GitHub/research_project/MAESTRO_v2/src/tools/analytics.py:123: SettingWithCopyWarning: 
A value is trying to be set on a copy of a slice from a DataFrame.
Try using .loc[row_indexer,col_indexer] = value instead

See the caveats in the documentation: https://pandas.pydata.org/pandas-docs/stable/user_guide/indexing.html#returning-a-view-versus-a-copy
  data["user_engaged"] = data["user_engaged"].astype(bool).astype(int)
/Users/harshadakumbhare/Documents/GitHub/research_project/MAESTRO_v2/src/tools/analytics.py:123: SettingWithCopyWarning: 
A value is trying to be set on a copy of a slice from a DataFrame.
Try using .loc[row_indexer,col_indexer] = value instead

See the caveats in the documentation: https://pandas.pydata.org/pandas-docs/stable/user_guide/indexing.html#returning-a-view-versus-a-copy
  data["user_engaged"] = data["user_engaged"].astype(bool).astype(int)
/Users/harshadakumbhare/Documents/GitHub/research_project/MAESTRO_v2/src/tools/analytics.py:176: SettingWithCopyWarning: 
A value is trying to be set on a copy of a slice from a DataFrame.
Try using .loc[row_indexer,col_indexer] = value instead

See the caveats in the documentation: https://pandas.pydata.org/pandas-docs/stable/user_guide/indexing.html#returning-a-view-versus-a-copy
  data["session_duration_seconds"] = data["session_duration_seconds"].astype(float)
/Users/harshadakumbhare/Documents/GitHub/research_project/MAESTRO_v2/src/tools/analytics.py:176: SettingWithCopyWarning: 
A value is trying to be set on a copy of a slice from a DataFrame.
Try using .loc[row_indexer,col_indexer] = value instead

See the caveats in the documentation: https://pandas.pydata.org/pandas-docs/stable/user_guide/indexing.html#returning-a-view-versus-a-copy
  data["session_duration_seconds"] = data["session_duration_seconds"].astype(float)
/Users/harshadakumbhare/Documents/GitHub/research_project/MAESTRO_v2/src/tools/analytics.py:176: SettingWithCopyWarning: 
A value is trying to be set on a copy of a slice from a DataFrame.
Try using .loc[row_indexer,col_indexer] = value instead

See the caveats in the documentation: https://pandas.pydata.org/pandas-docs/stable/user_guide/indexing.html#returning-a-view-versus-a-copy
  data["session_duration_seconds"] = data["session_duration_seconds"].astype(float)
/Users/harshadakumbhare/Documents/GitHub/research_project/MAESTRO_v2/src/tools/analytics.py:176: SettingWithCopyWarning: 
A value is trying to be set on a copy of a slice from a DataFrame.
Try using .loc[row_indexer,col_indexer] = value instead

See the caveats in the documentation: https://pandas.pydata.org/pandas-docs/stable/user_guide/indexing.html#returning-a-view-versus-a-copy
  data["session_duration_seconds"] = data["session_duration_seconds"].astype(float)
/Users/harshadakumbhare/Documents/GitHub/research_project/MAESTRO_v2/src/tools/analytics.py:123: SettingWithCopyWarning: 
A value is trying to be set on a copy of a slice from a DataFrame.
Try using .loc[row_indexer,col_indexer] = value instead

See the caveats in the documentation: https://pandas.pydata.org/pandas-docs/stable/user_guide/indexing.html#returning-a-view-versus-a-copy
  data["user_engaged"] = data["user_engaged"].astype(bool).astype(int)
/Users/harshadakumbhare/Documents/GitHub/research_project/MAESTRO_v2/src/tools/analytics.py:123: SettingWithCopyWarning: 
A value is trying to be set on a copy of a slice from a DataFrame.
Try using .loc[row_indexer,col_indexer] = value instead

See the caveats in the documentation: https://pandas.pydata.org/pandas-docs/stable/user_guide/indexing.html#returning-a-view-versus-a-copy
  data["user_engaged"] = data["user_engaged"].astype(bool).astype(int)
/Users/harshadakumbhare/Documents/GitHub/research_project/MAESTRO_v2/src/tools/analytics.py:176: SettingWithCopyWarning: 
A value is trying to be set on a copy of a slice from a DataFrame.
Try using .loc[row_indexer,col_indexer] = value instead

See the caveats in the documentation: https://pandas.pydata.org/pandas-docs/stable/user_guide/indexing.html#returning-a-view-versus-a-copy
  data["session_duration_seconds"] = data["session_duration_seconds"].astype(float)
/Users/harshadakumbhare/Documents/GitHub/research_project/MAESTRO_v2/src/tools/analytics.py:123: SettingWithCopyWarning: 
A value is trying to be set on a copy of a slice from a DataFrame.
Try using .loc[row_indexer,col_indexer] = value instead

See the caveats in the documentation: https://pandas.pydata.org/pandas-docs/stable/user_guide/indexing.html#returning-a-view-versus-a-copy
  data["user_engaged"] = data["user_engaged"].astype(bool).astype(int)
/Users/harshadakumbhare/Documents/GitHub/research_project/MAESTRO_v2/src/tools/analytics.py:176: SettingWithCopyWarning: 
A value is trying to be set on a copy of a slice from a DataFrame.
Try using .loc[row_indexer,col_indexer] = value instead

See the caveats in the documentation: https://pandas.pydata.org/pandas-docs/stable/user_guide/indexing.html#returning-a-view-versus-a-copy
  data["session_duration_seconds"] = data["session_duration_seconds"].astype(float)
/Users/harshadakumbhare/Documents/GitHub/research_project/MAESTRO_v2/src/tools/analytics.py:123: SettingWithCopyWarning: 
A value is trying to be set on a copy of a slice from a DataFrame.
Try using .loc[row_indexer,col_indexer] = value instead

See the caveats in the documentation: https://pandas.pydata.org/pandas-docs/stable/user_guide/indexing.html#returning-a-view-versus-a-copy
  data["user_engaged"] = data["user_engaged"].astype(bool).astype(int)
/Users/harshadakumbhare/Documents/GitHub/research_project/MAESTRO_v2/src/tools/analytics.py:123: SettingWithCopyWarning: 
A value is trying to be set on a copy of a slice from a DataFrame.
Try using .loc[row_indexer,col_indexer] = value instead

See the caveats in the documentation: https://pandas.pydata.org/pandas-docs/stable/user_guide/indexing.html#returning-a-view-versus-a-copy
  data["user_engaged"] = data["user_engaged"].astype(bool).astype(int)
/Users/harshadakumbhare/Documents/GitHub/research_project/MAESTRO_v2/src/tools/analytics.py:176: SettingWithCopyWarning: 
A value is trying to be set on a copy of a slice from a DataFrame.
Try using .loc[row_indexer,col_indexer] = value instead

See the caveats in the documentation: https://pandas.pydata.org/pandas-docs/stable/user_guide/indexing.html#returning-a-view-versus-a-copy
  data["session_duration_seconds"] = data["session_duration_seconds"].astype(float)
/Users/harshadakumbhare/Documents/GitHub/research_project/MAESTRO_v2/src/tools/analytics.py:123: SettingWithCopyWarning: 
A value is trying to be set on a copy of a slice from a DataFrame.
Try using .loc[row_indexer,col_indexer] = value instead

See the caveats in the documentation: https://pandas.pydata.org/pandas-docs/stable/user_guide/indexing.html#returning-a-view-versus-a-copy
  data["user_engaged"] = data["user_engaged"].astype(bool).astype(int)
/Users/harshadakumbhare/Documents/GitHub/research_project/MAESTRO_v2/src/tools/analytics.py:123: SettingWithCopyWarning: 
A value is trying to be set on a copy of a slice from a DataFrame.
Try using .loc[row_indexer,col_indexer] = value instead

See the caveats in the documentation: https://pandas.pydata.org/pandas-docs/stable/user_guide/indexing.html#returning-a-view-versus-a-copy
  data["user_engaged"] = data["user_engaged"].astype(bool).astype(int)
/Users/harshadakumbhare/Documents/GitHub/research_project/MAESTRO_v2/src/tools/analytics.py:123: SettingWithCopyWarning: 
A value is trying to be set on a copy of a slice from a DataFrame.
Try using .loc[row_indexer,col_indexer] = value instead

See the caveats in the documentation: https://pandas.pydata.org/pandas-docs/stable/user_guide/indexing.html#returning-a-view-versus-a-copy
  data["user_engaged"] = data["user_engaged"].astype(bool).astype(int)
/Users/harshadakumbhare/Documents/GitHub/research_project/MAESTRO_v2/src/tools/analytics.py:176: SettingWithCopyWarning: 
A value is trying to be set on a copy of a slice from a DataFrame.
Try using .loc[row_indexer,col_indexer] = value instead

See the caveats in the documentation: https://pandas.pydata.org/pandas-docs/stable/user_guide/indexing.html#returning-a-view-versus-a-copy
  data["session_duration_seconds"] = data["session_duration_seconds"].astype(float)
/Users/harshadakumbhare/Documents/GitHub/research_project/MAESTRO_v2/src/tools/analytics.py:123: SettingWithCopyWarning: 
A value is trying to be set on a copy of a slice from a DataFrame.
Try using .loc[row_indexer,col_indexer] = value instead

See the caveats in the documentation: https://pandas.pydata.org/pandas-docs/stable/user_guide/indexing.html#returning-a-view-versus-a-copy
  data["user_engaged"] = data["user_engaged"].astype(bool).astype(int)
/Users/harshadakumbhare/Documents/GitHub/research_project/MAESTRO_v2/src/tools/analytics.py:176: SettingWithCopyWarning: 
A value is trying to be set on a copy of a slice from a DataFrame.
Try using .loc[row_indexer,col_indexer] = value instead

See the caveats in the documentation: https://pandas.pydata.org/pandas-docs/stable/user_guide/indexing.html#returning-a-view-versus-a-copy
  data["session_duration_seconds"] = data["session_duration_seconds"].astype(float)
/Users/harshadakumbhare/Documents/GitHub/research_project/MAESTRO_v2/src/tools/analytics.py:176: SettingWithCopyWarning: 
A value is trying to be set on a copy of a slice from a DataFrame.
Try using .loc[row_indexer,col_indexer] = value instead

See the caveats in the documentation: https://pandas.pydata.org/pandas-docs/stable/user_guide/indexing.html#returning-a-view-versus-a-copy
  data["session_duration_seconds"] = data["session_duration_seconds"].astype(float)
/Users/harshadakumbhare/Documents/GitHub/research_project/MAESTRO_v2/src/tools/analytics.py:176: SettingWithCopyWarning: 
A value is trying to be set on a copy of a slice from a DataFrame.
Try using .loc[row_indexer,col_indexer] = value instead

See the caveats in the documentation: https://pandas.pydata.org/pandas-docs/stable/user_guide/indexing.html#returning-a-view-versus-a-copy
  data["session_duration_seconds"] = data["session_duration_seconds"].astype(float)
/Users/harshadakumbhare/Documents/GitHub/research_project/MAESTRO_v2/src/tools/analytics.py:123: SettingWithCopyWarning: 
A value is trying to be set on a copy of a slice from a DataFrame.
Try using .loc[row_indexer,col_indexer] = value instead

See the caveats in the documentation: https://pandas.pydata.org/pandas-docs/stable/user_guide/indexing.html#returning-a-view-versus-a-copy
  data["user_engaged"] = data["user_engaged"].astype(bool).astype(int)
/Users/harshadakumbhare/Documents/GitHub/research_project/MAESTRO_v2/src/tools/analytics.py:123: SettingWithCopyWarning: 
A value is trying to be set on a copy of a slice from a DataFrame.
Try using .loc[row_indexer,col_indexer] = value instead

See the caveats in the documentation: https://pandas.pydata.org/pandas-docs/stable/user_guide/indexing.html#returning-a-view-versus-a-copy
  data["user_engaged"] = data["user_engaged"].astype(bool).astype(int)
/Users/harshadakumbhare/Documents/GitHub/research_project/MAESTRO_v2/src/tools/analytics.py:123: SettingWithCopyWarning: 
A value is trying to be set on a copy of a slice from a DataFrame.
Try using .loc[row_indexer,col_indexer] = value instead

See the caveats in the documentation: https://pandas.pydata.org/pandas-docs/stable/user_guide/indexing.html#returning-a-view-versus-a-copy
  data["user_engaged"] = data["user_engaged"].astype(bool).astype(int)
/Users/harshadakumbhare/Documents/GitHub/research_project/MAESTRO_v2/src/tools/analytics.py:123: SettingWithCopyWarning: 
A value is trying to be set on a copy of a slice from a DataFrame.
Try using .loc[row_indexer,col_indexer] = value instead

See the caveats in the documentation: https://pandas.pydata.org/pandas-docs/stable/user_guide/indexing.html#returning-a-view-versus-a-copy
  data["user_engaged"] = data["user_engaged"].astype(bool).astype(int)
/Users/harshadakumbhare/Documents/GitHub/research_project/MAESTRO_v2/src/tools/analytics.py:176: SettingWithCopyWarning: 
A value is trying to be set on a copy of a slice from a DataFrame.
Try using .loc[row_indexer,col_indexer] = value instead

See the caveats in the documentation: https://pandas.pydata.org/pandas-docs/stable/user_guide/indexing.html#returning-a-view-versus-a-copy
  data["session_duration_seconds"] = data["session_duration_seconds"].astype(float)
/Users/harshadakumbhare/Documents/GitHub/research_project/MAESTRO_v2/src/tools/analytics.py:176: SettingWithCopyWarning: 
A value is trying to be set on a copy of a slice from a DataFrame.
Try using .loc[row_indexer,col_indexer] = value instead

See the caveats in the documentation: https://pandas.pydata.org/pandas-docs/stable/user_guide/indexing.html#returning-a-view-versus-a-copy
  data["session_duration_seconds"] = data["session_duration_seconds"].astype(float)
/Users/harshadakumbhare/Documents/GitHub/research_project/MAESTRO_v2/src/tools/analytics.py:123: SettingWithCopyWarning: 
A value is trying to be set on a copy of a slice from a DataFrame.
Try using .loc[row_indexer,col_indexer] = value instead

See the caveats in the documentation: https://pandas.pydata.org/pandas-docs/stable/user_guide/indexing.html#returning-a-view-versus-a-copy
  data["user_engaged"] = data["user_engaged"].astype(bool).astype(int)
/Users/harshadakumbhare/Documents/GitHub/research_project/MAESTRO_v2/src/tools/analytics.py:123: SettingWithCopyWarning: 
A value is trying to be set on a copy of a slice from a DataFrame.
Try using .loc[row_indexer,col_indexer] = value instead

See the caveats in the documentation: https://pandas.pydata.org/pandas-docs/stable/user_guide/indexing.html#returning-a-view-versus-a-copy
  data["user_engaged"] = data["user_engaged"].astype(bool).astype(int)
/Users/harshadakumbhare/Documents/GitHub/research_project/MAESTRO_v2/src/tools/analytics.py:176: SettingWithCopyWarning: 
A value is trying to be set on a copy of a slice from a DataFrame.
Try using .loc[row_indexer,col_indexer] = value instead

See the caveats in the documentation: https://pandas.pydata.org/pandas-docs/stable/user_guide/indexing.html#returning-a-view-versus-a-copy
  data["session_duration_seconds"] = data["session_duration_seconds"].astype(float)
/Users/harshadakumbhare/Documents/GitHub/research_project/MAESTRO_v2/src/tools/analytics.py:176: SettingWithCopyWarning: 
A value is trying to be set on a copy of a slice from a DataFrame.
Try using .loc[row_indexer,col_indexer] = value instead

See the caveats in the documentation: https://pandas.pydata.org/pandas-docs/stable/user_guide/indexing.html#returning-a-view-versus-a-copy
  data["session_duration_seconds"] = data["session_duration_seconds"].astype(float)
/Users/harshadakumbhare/Documents/GitHub/research_project/MAESTRO_v2/src/tools/analytics.py:123: SettingWithCopyWarning: 
A value is trying to be set on a copy of a slice from a DataFrame.
Try using .loc[row_indexer,col_indexer] = value instead

See the caveats in the documentation: https://pandas.pydata.org/pandas-docs/stable/user_guide/indexing.html#returning-a-view-versus-a-copy
  data["user_engaged"] = data["user_engaged"].astype(bool).astype(int)
/Users/harshadakumbhare/Documents/GitHub/research_project/MAESTRO_v2/src/tools/analytics.py:123: SettingWithCopyWarning: 
A value is trying to be set on a copy of a slice from a DataFrame.
Try using .loc[row_indexer,col_indexer] = value instead

See the caveats in the documentation: https://pandas.pydata.org/pandas-docs/stable/user_guide/indexing.html#returning-a-view-versus-a-copy
  data["user_engaged"] = data["user_engaged"].astype(bool).astype(int)
/Users/harshadakumbhare/Documents/GitHub/research_project/MAESTRO_v2/src/tools/analytics.py:123: SettingWithCopyWarning: 
A value is trying to be set on a copy of a slice from a DataFrame.
Try using .loc[row_indexer,col_indexer] = value instead

See the caveats in the documentation: https://pandas.pydata.org/pandas-docs/stable/user_guide/indexing.html#returning-a-view-versus-a-copy
  data["user_engaged"] = data["user_engaged"].astype(bool).astype(int)
/Users/harshadakumbhare/Documents/GitHub/research_project/MAESTRO_v2/src/tools/analytics.py:123: SettingWithCopyWarning: 
A value is trying to be set on a copy of a slice from a DataFrame.
Try using .loc[row_indexer,col_indexer] = value instead

See the caveats in the documentation: https://pandas.pydata.org/pandas-docs/stable/user_guide/indexing.html#returning-a-view-versus-a-copy
  data["user_engaged"] = data["user_engaged"].astype(bool).astype(int)
/Users/harshadakumbhare/Documents/GitHub/research_project/MAESTRO_v2/src/tools/analytics.py:176: SettingWithCopyWarning: 
A value is trying to be set on a copy of a slice from a DataFrame.
Try using .loc[row_indexer,col_indexer] = value instead

See the caveats in the documentation: https://pandas.pydata.org/pandas-docs/stable/user_guide/indexing.html#returning-a-view-versus-a-copy
  data["session_duration_seconds"] = data["session_duration_seconds"].astype(float)
/Users/harshadakumbhare/Documents/GitHub/research_project/MAESTRO_v2/src/tools/analytics.py:176: SettingWithCopyWarning: 
A value is trying to be set on a copy of a slice from a DataFrame.
Try using .loc[row_indexer,col_indexer] = value instead

See the caveats in the documentation: https://pandas.pydata.org/pandas-docs/stable/user_guide/indexing.html#returning-a-view-versus-a-copy
  data["session_duration_seconds"] = data["session_duration_seconds"].astype(float)
/Users/harshadakumbhare/Documents/GitHub/research_project/MAESTRO_v2/src/tools/analytics.py:123: SettingWithCopyWarning: 
A value is trying to be set on a copy of a slice from a DataFrame.
Try using .loc[row_indexer,col_indexer] = value instead

See the caveats in the documentation: https://pandas.pydata.org/pandas-docs/stable/user_guide/indexing.html#returning-a-view-versus-a-copy
  data["user_engaged"] = data["user_engaged"].astype(bool).astype(int)
/Users/harshadakumbhare/Documents/GitHub/research_project/MAESTRO_v2/src/tools/analytics.py:123: SettingWithCopyWarning: 
A value is trying to be set on a copy of a slice from a DataFrame.
Try using .loc[row_indexer,col_indexer] = value instead

See the caveats in the documentation: https://pandas.pydata.org/pandas-docs/stable/user_guide/indexing.html#returning-a-view-versus-a-copy
  data["user_engaged"] = data["user_engaged"].astype(bool).astype(int)
/Users/harshadakumbhare/Documents/GitHub/research_project/MAESTRO_v2/src/tools/analytics.py:123: SettingWithCopyWarning: 
A value is trying to be set on a copy of a slice from a DataFrame.
Try using .loc[row_indexer,col_indexer] = value instead

See the caveats in the documentation: https://pandas.pydata.org/pandas-docs/stable/user_guide/indexing.html#returning-a-view-versus-a-copy
  data["user_engaged"] = data["user_engaged"].astype(bool).astype(int)
/Users/harshadakumbhare/Documents/GitHub/research_project/MAESTRO_v2/src/tools/analytics.py:123: SettingWithCopyWarning: 
A value is trying to be set on a copy of a slice from a DataFrame.
Try using .loc[row_indexer,col_indexer] = value instead

See the caveats in the documentation: https://pandas.pydata.org/pandas-docs/stable/user_guide/indexing.html#returning-a-view-versus-a-copy
  data["user_engaged"] = data["user_engaged"].astype(bool).astype(int)
/Users/harshadakumbhare/Documents/GitHub/research_project/MAESTRO_v2/src/tools/analytics.py:123: SettingWithCopyWarning: 
A value is trying to be set on a copy of a slice from a DataFrame.
Try using .loc[row_indexer,col_indexer] = value instead

See the caveats in the documentation: https://pandas.pydata.org/pandas-docs/stable/user_guide/indexing.html#returning-a-view-versus-a-copy
  data["user_engaged"] = data["user_engaged"].astype(bool).astype(int)
/Users/harshadakumbhare/Documents/GitHub/research_project/MAESTRO_v2/src/tools/analytics.py:123: SettingWithCopyWarning: 
A value is trying to be set on a copy of a slice from a DataFrame.
Try using .loc[row_indexer,col_indexer] = value instead

See the caveats in the documentation: https://pandas.pydata.org/pandas-docs/stable/user_guide/indexing.html#returning-a-view-versus-a-copy
  data["user_engaged"] = data["user_engaged"].astype(bool).astype(int)
/Users/harshadakumbhare/Documents/GitHub/research_project/MAESTRO_v2/src/tools/analytics.py:176: SettingWithCopyWarning: 
A value is trying to be set on a copy of a slice from a DataFrame.
Try using .loc[row_indexer,col_indexer] = value instead

See the caveats in the documentation: https://pandas.pydata.org/pandas-docs/stable/user_guide/indexing.html#returning-a-view-versus-a-copy
  data["session_duration_seconds"] = data["session_duration_seconds"].astype(float)
/Users/harshadakumbhare/Documents/GitHub/research_project/MAESTRO_v2/src/tools/analytics.py:176: SettingWithCopyWarning: 
A value is trying to be set on a copy of a slice from a DataFrame.
Try using .loc[row_indexer,col_indexer] = value instead

See the caveats in the documentation: https://pandas.pydata.org/pandas-docs/stable/user_guide/indexing.html#returning-a-view-versus-a-copy
  data["session_duration_seconds"] = data["session_duration_seconds"].astype(float)
/Users/harshadakumbhare/Documents/GitHub/research_project/MAESTRO_v2/src/tools/analytics.py:123: SettingWithCopyWarning: 
A value is trying to be set on a copy of a slice from a DataFrame.
Try using .loc[row_indexer,col_indexer] = value instead

See the caveats in the documentation: https://pandas.pydata.org/pandas-docs/stable/user_guide/indexing.html#returning-a-view-versus-a-copy
  data["user_engaged"] = data["user_engaged"].astype(bool).astype(int)
/Users/harshadakumbhare/Documents/GitHub/research_project/MAESTRO_v2/src/tools/analytics.py:123: SettingWithCopyWarning: 
A value is trying to be set on a copy of a slice from a DataFrame.
Try using .loc[row_indexer,col_indexer] = value instead

See the caveats in the documentation: https://pandas.pydata.org/pandas-docs/stable/user_guide/indexing.html#returning-a-view-versus-a-copy
  data["user_engaged"] = data["user_engaged"].astype(bool).astype(int)
/Users/harshadakumbhare/Documents/GitHub/research_project/MAESTRO_v2/src/tools/analytics.py:176: SettingWithCopyWarning: 
A value is trying to be set on a copy of a slice from a DataFrame.
Try using .loc[row_indexer,col_indexer] = value instead

See the caveats in the documentation: https://pandas.pydata.org/pandas-docs/stable/user_guide/indexing.html#returning-a-view-versus-a-copy
  data["session_duration_seconds"] = data["session_duration_seconds"].astype(float)
/Users/harshadakumbhare/Documents/GitHub/research_project/MAESTRO_v2/src/tools/analytics.py:176: SettingWithCopyWarning: 
A value is trying to be set on a copy of a slice from a DataFrame.
Try using .loc[row_indexer,col_indexer] = value instead

See the caveats in the documentation: https://pandas.pydata.org/pandas-docs/stable/user_guide/indexing.html#returning-a-view-versus-a-copy
  data["session_duration_seconds"] = data["session_duration_seconds"].astype(float)
/Users/harshadakumbhare/Documents/GitHub/research_project/MAESTRO_v2/src/tools/analytics.py:176: SettingWithCopyWarning: 
A value is trying to be set on a copy of a slice from a DataFrame.
Try using .loc[row_indexer,col_indexer] = value instead

See the caveats in the documentation: https://pandas.pydata.org/pandas-docs/stable/user_guide/indexing.html#returning-a-view-versus-a-copy
  data["session_duration_seconds"] = data["session_duration_seconds"].astype(float)
/Users/harshadakumbhare/Documents/GitHub/research_project/MAESTRO_v2/src/tools/analytics.py:176: SettingWithCopyWarning: 
A value is trying to be set on a copy of a slice from a DataFrame.
Try using .loc[row_indexer,col_indexer] = value instead

See the caveats in the documentation: https://pandas.pydata.org/pandas-docs/stable/user_guide/indexing.html#returning-a-view-versus-a-copy
  data["session_duration_seconds"] = data["session_duration_seconds"].astype(float)
/Users/harshadakumbhare/Documents/GitHub/research_project/MAESTRO_v2/src/tools/analytics.py:176: SettingWithCopyWarning: 
A value is trying to be set on a copy of a slice from a DataFrame.
Try using .loc[row_indexer,col_indexer] = value instead

See the caveats in the documentation: https://pandas.pydata.org/pandas-docs/stable/user_guide/indexing.html#returning-a-view-versus-a-copy
  data["session_duration_seconds"] = data["session_duration_seconds"].astype(float)
/Users/harshadakumbhare/Documents/GitHub/research_project/MAESTRO_v2/src/tools/analytics.py:176: SettingWithCopyWarning: 
A value is trying to be set on a copy of a slice from a DataFrame.
Try using .loc[row_indexer,col_indexer] = value instead

See the caveats in the documentation: https://pandas.pydata.org/pandas-docs/stable/user_guide/indexing.html#returning-a-view-versus-a-copy
  data["session_duration_seconds"] = data["session_duration_seconds"].astype(float)
/Users/harshadakumbhare/Documents/GitHub/research_project/MAESTRO_v2/src/tools/analytics.py:123: SettingWithCopyWarning: 
A value is trying to be set on a copy of a slice from a DataFrame.
Try using .loc[row_indexer,col_indexer] = value instead

See the caveats in the documentation: https://pandas.pydata.org/pandas-docs/stable/user_guide/indexing.html#returning-a-view-versus-a-copy
  data["user_engaged"] = data["user_engaged"].astype(bool).astype(int)
/Users/harshadakumbhare/Documents/GitHub/research_project/MAESTRO_v2/src/tools/analytics.py:123: SettingWithCopyWarning: 
A value is trying to be set on a copy of a slice from a DataFrame.
Try using .loc[row_indexer,col_indexer] = value instead

See the caveats in the documentation: https://pandas.pydata.org/pandas-docs/stable/user_guide/indexing.html#returning-a-view-versus-a-copy
  data["user_engaged"] = data["user_engaged"].astype(bool).astype(int)
/Users/harshadakumbhare/Documents/GitHub/research_project/MAESTRO_v2/src/tools/analytics.py:123: SettingWithCopyWarning: 
A value is trying to be set on a copy of a slice from a DataFrame.
Try using .loc[row_indexer,col_indexer] = value instead

See the caveats in the documentation: https://pandas.pydata.org/pandas-docs/stable/user_guide/indexing.html#returning-a-view-versus-a-copy
  data["user_engaged"] = data["user_engaged"].astype(bool).astype(int)
/Users/harshadakumbhare/Documents/GitHub/research_project/MAESTRO_v2/src/tools/analytics.py:123: SettingWithCopyWarning: 
A value is trying to be set on a copy of a slice from a DataFrame.
Try using .loc[row_indexer,col_indexer] = value instead

See the caveats in the documentation: https://pandas.pydata.org/pandas-docs/stable/user_guide/indexing.html#returning-a-view-versus-a-copy
  data["user_engaged"] = data["user_engaged"].astype(bool).astype(int)
/Users/harshadakumbhare/Documents/GitHub/research_project/MAESTRO_v2/src/tools/analytics.py:176: SettingWithCopyWarning: 
A value is trying to be set on a copy of a slice from a DataFrame.
Try using .loc[row_indexer,col_indexer] = value instead

See the caveats in the documentation: https://pandas.pydata.org/pandas-docs/stable/user_guide/indexing.html#returning-a-view-versus-a-copy
  data["session_duration_seconds"] = data["session_duration_seconds"].astype(float)
/Users/harshadakumbhare/Documents/GitHub/research_project/MAESTRO_v2/src/tools/analytics.py:123: SettingWithCopyWarning: 
A value is trying to be set on a copy of a slice from a DataFrame.
Try using .loc[row_indexer,col_indexer] = value instead

See the caveats in the documentation: https://pandas.pydata.org/pandas-docs/stable/user_guide/indexing.html#returning-a-view-versus-a-copy
  data["user_engaged"] = data["user_engaged"].astype(bool).astype(int)
/Users/harshadakumbhare/Documents/GitHub/research_project/MAESTRO_v2/src/tools/analytics.py:123: SettingWithCopyWarning: 
A value is trying to be set on a copy of a slice from a DataFrame.
Try using .loc[row_indexer,col_indexer] = value instead

See the caveats in the documentation: https://pandas.pydata.org/pandas-docs/stable/user_guide/indexing.html#returning-a-view-versus-a-copy
  data["user_engaged"] = data["user_engaged"].astype(bool).astype(int)
/Users/harshadakumbhare/Documents/GitHub/research_project/MAESTRO_v2/src/tools/analytics.py:176: SettingWithCopyWarning: 
A value is trying to be set on a copy of a slice from a DataFrame.
Try using .loc[row_indexer,col_indexer] = value instead

See the caveats in the documentation: https://pandas.pydata.org/pandas-docs/stable/user_guide/indexing.html#returning-a-view-versus-a-copy
  data["session_duration_seconds"] = data["session_duration_seconds"].astype(float)
/Users/harshadakumbhare/Documents/GitHub/research_project/MAESTRO_v2/src/tools/analytics.py:123: SettingWithCopyWarning: 
A value is trying to be set on a copy of a slice from a DataFrame.
Try using .loc[row_indexer,col_indexer] = value instead

See the caveats in the documentation: https://pandas.pydata.org/pandas-docs/stable/user_guide/indexing.html#returning-a-view-versus-a-copy
  data["user_engaged"] = data["user_engaged"].astype(bool).astype(int)
/Users/harshadakumbhare/Documents/GitHub/research_project/MAESTRO_v2/src/tools/analytics.py:176: SettingWithCopyWarning: 
A value is trying to be set on a copy of a slice from a DataFrame.
Try using .loc[row_indexer,col_indexer] = value instead

See the caveats in the documentation: https://pandas.pydata.org/pandas-docs/stable/user_guide/indexing.html#returning-a-view-versus-a-copy
  data["session_duration_seconds"] = data["session_duration_seconds"].astype(float)
/Users/harshadakumbhare/Documents/GitHub/research_project/MAESTRO_v2/src/tools/analytics.py:123: SettingWithCopyWarning: 
A value is trying to be set on a copy of a slice from a DataFrame.
Try using .loc[row_indexer,col_indexer] = value instead

See the caveats in the documentation: https://pandas.pydata.org/pandas-docs/stable/user_guide/indexing.html#returning-a-view-versus-a-copy
  data["user_engaged"] = data["user_engaged"].astype(bool).astype(int)
/Users/harshadakumbhare/Documents/GitHub/research_project/MAESTRO_v2/src/tools/analytics.py:176: SettingWithCopyWarning: 
A value is trying to be set on a copy of a slice from a DataFrame.
Try using .loc[row_indexer,col_indexer] = value instead

See the caveats in the documentation: https://pandas.pydata.org/pandas-docs/stable/user_guide/indexing.html#returning-a-view-versus-a-copy
  data["session_duration_seconds"] = data["session_duration_seconds"].astype(float)
/Users/harshadakumbhare/Documents/GitHub/research_project/MAESTRO_v2/src/tools/analytics.py:176: SettingWithCopyWarning: 
A value is trying to be set on a copy of a slice from a DataFrame.
Try using .loc[row_indexer,col_indexer] = value instead

See the caveats in the documentation: https://pandas.pydata.org/pandas-docs/stable/user_guide/indexing.html#returning-a-view-versus-a-copy
  data["session_duration_seconds"] = data["session_duration_seconds"].astype(float)
/Users/harshadakumbhare/Documents/GitHub/research_project/MAESTRO_v2/src/tools/analytics.py:123: SettingWithCopyWarning: 
A value is trying to be set on a copy of a slice from a DataFrame.
Try using .loc[row_indexer,col_indexer] = value instead

See the caveats in the documentation: https://pandas.pydata.org/pandas-docs/stable/user_guide/indexing.html#returning-a-view-versus-a-copy
  data["user_engaged"] = data["user_engaged"].astype(bool).astype(int)
/Users/harshadakumbhare/Documents/GitHub/research_project/MAESTRO_v2/src/tools/analytics.py:123: SettingWithCopyWarning: 
A value is trying to be set on a copy of a slice from a DataFrame.
Try using .loc[row_indexer,col_indexer] = value instead

See the caveats in the documentation: https://pandas.pydata.org/pandas-docs/stable/user_guide/indexing.html#returning-a-view-versus-a-copy
  data["user_engaged"] = data["user_engaged"].astype(bool).astype(int)
/Users/harshadakumbhare/Documents/GitHub/research_project/MAESTRO_v2/src/tools/analytics.py:123: SettingWithCopyWarning: 
A value is trying to be set on a copy of a slice from a DataFrame.
Try using .loc[row_indexer,col_indexer] = value instead

See the caveats in the documentation: https://pandas.pydata.org/pandas-docs/stable/user_guide/indexing.html#returning-a-view-versus-a-copy
  data["user_engaged"] = data["user_engaged"].astype(bool).astype(int)
/Users/harshadakumbhare/Documents/GitHub/research_project/MAESTRO_v2/src/tools/analytics.py:123: SettingWithCopyWarning: 
A value is trying to be set on a copy of a slice from a DataFrame.
Try using .loc[row_indexer,col_indexer] = value instead

See the caveats in the documentation: https://pandas.pydata.org/pandas-docs/stable/user_guide/indexing.html#returning-a-view-versus-a-copy
  data["user_engaged"] = data["user_engaged"].astype(bool).astype(int)
/Users/harshadakumbhare/Documents/GitHub/research_project/MAESTRO_v2/src/tools/analytics.py:123: SettingWithCopyWarning: 
A value is trying to be set on a copy of a slice from a DataFrame.
Try using .loc[row_indexer,col_indexer] = value instead

See the caveats in the documentation: https://pandas.pydata.org/pandas-docs/stable/user_guide/indexing.html#returning-a-view-versus-a-copy
  data["user_engaged"] = data["user_engaged"].astype(bool).astype(int)
/Users/harshadakumbhare/Documents/GitHub/research_project/MAESTRO_v2/src/tools/analytics.py:176: SettingWithCopyWarning: 
A value is trying to be set on a copy of a slice from a DataFrame.
Try using .loc[row_indexer,col_indexer] = value instead

See the caveats in the documentation: https://pandas.pydata.org/pandas-docs/stable/user_guide/indexing.html#returning-a-view-versus-a-copy
  data["session_duration_seconds"] = data["session_duration_seconds"].astype(float)
/Users/harshadakumbhare/Documents/GitHub/research_project/MAESTRO_v2/src/tools/analytics.py:176: SettingWithCopyWarning: 
A value is trying to be set on a copy of a slice from a DataFrame.
Try using .loc[row_indexer,col_indexer] = value instead

See the caveats in the documentation: https://pandas.pydata.org/pandas-docs/stable/user_guide/indexing.html#returning-a-view-versus-a-copy
  data["session_duration_seconds"] = data["session_duration_seconds"].astype(float)
/Users/harshadakumbhare/Documents/GitHub/research_project/MAESTRO_v2/src/tools/analytics.py:123: SettingWithCopyWarning: 
A value is trying to be set on a copy of a slice from a DataFrame.
Try using .loc[row_indexer,col_indexer] = value instead

See the caveats in the documentation: https://pandas.pydata.org/pandas-docs/stable/user_guide/indexing.html#returning-a-view-versus-a-copy
  data["user_engaged"] = data["user_engaged"].astype(bool).astype(int)
/Users/harshadakumbhare/Documents/GitHub/research_project/MAESTRO_v2/src/tools/analytics.py:123: SettingWithCopyWarning: 
A value is trying to be set on a copy of a slice from a DataFrame.
Try using .loc[row_indexer,col_indexer] = value instead

See the caveats in the documentation: https://pandas.pydata.org/pandas-docs/stable/user_guide/indexing.html#returning-a-view-versus-a-copy
  data["user_engaged"] = data["user_engaged"].astype(bool).astype(int)
/Users/harshadakumbhare/Documents/GitHub/research_project/MAESTRO_v2/src/tools/analytics.py:176: SettingWithCopyWarning: 
A value is trying to be set on a copy of a slice from a DataFrame.
Try using .loc[row_indexer,col_indexer] = value instead

See the caveats in the documentation: https://pandas.pydata.org/pandas-docs/stable/user_guide/indexing.html#returning-a-view-versus-a-copy
  data["session_duration_seconds"] = data["session_duration_seconds"].astype(float)
/Users/harshadakumbhare/Documents/GitHub/research_project/MAESTRO_v2/src/tools/analytics.py:123: SettingWithCopyWarning: 
A value is trying to be set on a copy of a slice from a DataFrame.
Try using .loc[row_indexer,col_indexer] = value instead

See the caveats in the documentation: https://pandas.pydata.org/pandas-docs/stable/user_guide/indexing.html#returning-a-view-versus-a-copy
  data["user_engaged"] = data["user_engaged"].astype(bool).astype(int)
/Users/harshadakumbhare/Documents/GitHub/research_project/MAESTRO_v2/src/tools/analytics.py:176: SettingWithCopyWarning: 
A value is trying to be set on a copy of a slice from a DataFrame.
Try using .loc[row_indexer,col_indexer] = value instead

See the caveats in the documentation: https://pandas.pydata.org/pandas-docs/stable/user_guide/indexing.html#returning-a-view-versus-a-copy
  data["session_duration_seconds"] = data["session_duration_seconds"].astype(float)
/Users/harshadakumbhare/Documents/GitHub/research_project/MAESTRO_v2/src/tools/analytics.py:176: SettingWithCopyWarning: 
A value is trying to be set on a copy of a slice from a DataFrame.
Try using .loc[row_indexer,col_indexer] = value instead

See the caveats in the documentation: https://pandas.pydata.org/pandas-docs/stable/user_guide/indexing.html#returning-a-view-versus-a-copy
  data["session_duration_seconds"] = data["session_duration_seconds"].astype(float)
/Users/harshadakumbhare/Documents/GitHub/research_project/MAESTRO_v2/src/tools/analytics.py:123: SettingWithCopyWarning: 
A value is trying to be set on a copy of a slice from a DataFrame.
Try using .loc[row_indexer,col_indexer] = value instead

See the caveats in the documentation: https://pandas.pydata.org/pandas-docs/stable/user_guide/indexing.html#returning-a-view-versus-a-copy
  data["user_engaged"] = data["user_engaged"].astype(bool).astype(int)
/Users/harshadakumbhare/Documents/GitHub/research_project/MAESTRO_v2/src/tools/analytics.py:123: SettingWithCopyWarning: 
A value is trying to be set on a copy of a slice from a DataFrame.
Try using .loc[row_indexer,col_indexer] = value instead

See the caveats in the documentation: https://pandas.pydata.org/pandas-docs/stable/user_guide/indexing.html#returning-a-view-versus-a-copy
  data["user_engaged"] = data["user_engaged"].astype(bool).astype(int)
/Users/harshadakumbhare/Documents/GitHub/research_project/MAESTRO_v2/src/tools/analytics.py:176: SettingWithCopyWarning: 
A value is trying to be set on a copy of a slice from a DataFrame.
Try using .loc[row_indexer,col_indexer] = value instead

See the caveats in the documentation: https://pandas.pydata.org/pandas-docs/stable/user_guide/indexing.html#returning-a-view-versus-a-copy
  data["session_duration_seconds"] = data["session_duration_seconds"].astype(float)
/Users/harshadakumbhare/Documents/GitHub/research_project/MAESTRO_v2/src/tools/analytics.py:176: SettingWithCopyWarning: 
A value is trying to be set on a copy of a slice from a DataFrame.
Try using .loc[row_indexer,col_indexer] = value instead

See the caveats in the documentation: https://pandas.pydata.org/pandas-docs/stable/user_guide/indexing.html#returning-a-view-versus-a-copy
  data["session_duration_seconds"] = data["session_duration_seconds"].astype(float)
/Users/harshadakumbhare/Documents/GitHub/research_project/MAESTRO_v2/src/tools/analytics.py:123: SettingWithCopyWarning: 
A value is trying to be set on a copy of a slice from a DataFrame.
Try using .loc[row_indexer,col_indexer] = value instead

See the caveats in the documentation: https://pandas.pydata.org/pandas-docs/stable/user_guide/indexing.html#returning-a-view-versus-a-copy
  data["user_engaged"] = data["user_engaged"].astype(bool).astype(int)
/Users/harshadakumbhare/Documents/GitHub/research_project/MAESTRO_v2/src/tools/analytics.py:123: SettingWithCopyWarning: 
A value is trying to be set on a copy of a slice from a DataFrame.
Try using .loc[row_indexer,col_indexer] = value instead

See the caveats in the documentation: https://pandas.pydata.org/pandas-docs/stable/user_guide/indexing.html#returning-a-view-versus-a-copy
  data["user_engaged"] = data["user_engaged"].astype(bool).astype(int)
/Users/harshadakumbhare/Documents/GitHub/research_project/MAESTRO_v2/src/tools/analytics.py:176: SettingWithCopyWarning: 
A value is trying to be set on a copy of a slice from a DataFrame.
Try using .loc[row_indexer,col_indexer] = value instead

See the caveats in the documentation: https://pandas.pydata.org/pandas-docs/stable/user_guide/indexing.html#returning-a-view-versus-a-copy
  data["session_duration_seconds"] = data["session_duration_seconds"].astype(float)
/Users/harshadakumbhare/Documents/GitHub/research_project/MAESTRO_v2/src/tools/analytics.py:176: SettingWithCopyWarning: 
A value is trying to be set on a copy of a slice from a DataFrame.
Try using .loc[row_indexer,col_indexer] = value instead

See the caveats in the documentation: https://pandas.pydata.org/pandas-docs/stable/user_guide/indexing.html#returning-a-view-versus-a-copy
  data["session_duration_seconds"] = data["session_duration_seconds"].astype(float)
/Users/harshadakumbhare/Documents/GitHub/research_project/MAESTRO_v2/src/tools/analytics.py:123: SettingWithCopyWarning: 
A value is trying to be set on a copy of a slice from a DataFrame.
Try using .loc[row_indexer,col_indexer] = value instead

See the caveats in the documentation: https://pandas.pydata.org/pandas-docs/stable/user_guide/indexing.html#returning-a-view-versus-a-copy
  data["user_engaged"] = data["user_engaged"].astype(bool).astype(int)
/Users/harshadakumbhare/Documents/GitHub/research_project/MAESTRO_v2/src/tools/analytics.py:123: SettingWithCopyWarning: 
A value is trying to be set on a copy of a slice from a DataFrame.
Try using .loc[row_indexer,col_indexer] = value instead

See the caveats in the documentation: https://pandas.pydata.org/pandas-docs/stable/user_guide/indexing.html#returning-a-view-versus-a-copy
  data["user_engaged"] = data["user_engaged"].astype(bool).astype(int)
/Users/harshadakumbhare/Documents/GitHub/research_project/MAESTRO_v2/src/tools/analytics.py:123: SettingWithCopyWarning: 
A value is trying to be set on a copy of a slice from a DataFrame.
Try using .loc[row_indexer,col_indexer] = value instead

See the caveats in the documentation: https://pandas.pydata.org/pandas-docs/stable/user_guide/indexing.html#returning-a-view-versus-a-copy
  data["user_engaged"] = data["user_engaged"].astype(bool).astype(int)
/Users/harshadakumbhare/Documents/GitHub/research_project/MAESTRO_v2/src/tools/analytics.py:176: SettingWithCopyWarning: 
A value is trying to be set on a copy of a slice from a DataFrame.
Try using .loc[row_indexer,col_indexer] = value instead

See the caveats in the documentation: https://pandas.pydata.org/pandas-docs/stable/user_guide/indexing.html#returning-a-view-versus-a-copy
  data["session_duration_seconds"] = data["session_duration_seconds"].astype(float)
/Users/harshadakumbhare/Documents/GitHub/research_project/MAESTRO_v2/src/tools/analytics.py:123: SettingWithCopyWarning: 
A value is trying to be set on a copy of a slice from a DataFrame.
Try using .loc[row_indexer,col_indexer] = value instead

See the caveats in the documentation: https://pandas.pydata.org/pandas-docs/stable/user_guide/indexing.html#returning-a-view-versus-a-copy
  data["user_engaged"] = data["user_engaged"].astype(bool).astype(int)
/Users/harshadakumbhare/Documents/GitHub/research_project/MAESTRO_v2/src/tools/analytics.py:123: SettingWithCopyWarning: 
A value is trying to be set on a copy of a slice from a DataFrame.
Try using .loc[row_indexer,col_indexer] = value instead

See the caveats in the documentation: https://pandas.pydata.org/pandas-docs/stable/user_guide/indexing.html#returning-a-view-versus-a-copy
  data["user_engaged"] = data["user_engaged"].astype(bool).astype(int)
/Users/harshadakumbhare/Documents/GitHub/research_project/MAESTRO_v2/src/tools/analytics.py:123: SettingWithCopyWarning: 
A value is trying to be set on a copy of a slice from a DataFrame.
Try using .loc[row_indexer,col_indexer] = value instead

See the caveats in the documentation: https://pandas.pydata.org/pandas-docs/stable/user_guide/indexing.html#returning-a-view-versus-a-copy
  data["user_engaged"] = data["user_engaged"].astype(bool).astype(int)
/Users/harshadakumbhare/Documents/GitHub/research_project/MAESTRO_v2/src/tools/analytics.py:123: SettingWithCopyWarning: 
A value is trying to be set on a copy of a slice from a DataFrame.
Try using .loc[row_indexer,col_indexer] = value instead

See the caveats in the documentation: https://pandas.pydata.org/pandas-docs/stable/user_guide/indexing.html#returning-a-view-versus-a-copy
  data["user_engaged"] = data["user_engaged"].astype(bool).astype(int)
/Users/harshadakumbhare/Documents/GitHub/research_project/MAESTRO_v2/src/tools/analytics.py:176: SettingWithCopyWarning: 
A value is trying to be set on a copy of a slice from a DataFrame.
Try using .loc[row_indexer,col_indexer] = value instead

See the caveats in the documentation: https://pandas.pydata.org/pandas-docs/stable/user_guide/indexing.html#returning-a-view-versus-a-copy
  data["session_duration_seconds"] = data["session_duration_seconds"].astype(float)
/Users/harshadakumbhare/Documents/GitHub/research_project/MAESTRO_v2/src/tools/analytics.py:176: SettingWithCopyWarning: 
A value is trying to be set on a copy of a slice from a DataFrame.
Try using .loc[row_indexer,col_indexer] = value instead

See the caveats in the documentation: https://pandas.pydata.org/pandas-docs/stable/user_guide/indexing.html#returning-a-view-versus-a-copy
  data["session_duration_seconds"] = data["session_duration_seconds"].astype(float)
/Users/harshadakumbhare/Documents/GitHub/research_project/MAESTRO_v2/src/tools/analytics.py:176: SettingWithCopyWarning: 
A value is trying to be set on a copy of a slice from a DataFrame.
Try using .loc[row_indexer,col_indexer] = value instead

See the caveats in the documentation: https://pandas.pydata.org/pandas-docs/stable/user_guide/indexing.html#returning-a-view-versus-a-copy
  data["session_duration_seconds"] = data["session_duration_seconds"].astype(float)
/Users/harshadakumbhare/Documents/GitHub/research_project/MAESTRO_v2/src/tools/analytics.py:123: SettingWithCopyWarning: 
A value is trying to be set on a copy of a slice from a DataFrame.
Try using .loc[row_indexer,col_indexer] = value instead

See the caveats in the documentation: https://pandas.pydata.org/pandas-docs/stable/user_guide/indexing.html#returning-a-view-versus-a-copy
  data["user_engaged"] = data["user_engaged"].astype(bool).astype(int)
/Users/harshadakumbhare/Documents/GitHub/research_project/MAESTRO_v2/src/tools/analytics.py:123: SettingWithCopyWarning: 
A value is trying to be set on a copy of a slice from a DataFrame.
Try using .loc[row_indexer,col_indexer] = value instead

See the caveats in the documentation: https://pandas.pydata.org/pandas-docs/stable/user_guide/indexing.html#returning-a-view-versus-a-copy
  data["user_engaged"] = data["user_engaged"].astype(bool).astype(int)
/Users/harshadakumbhare/Documents/GitHub/research_project/MAESTRO_v2/src/tools/analytics.py:123: SettingWithCopyWarning: 
A value is trying to be set on a copy of a slice from a DataFrame.
Try using .loc[row_indexer,col_indexer] = value instead

See the caveats in the documentation: https://pandas.pydata.org/pandas-docs/stable/user_guide/indexing.html#returning-a-view-versus-a-copy
  data["user_engaged"] = data["user_engaged"].astype(bool).astype(int)
/Users/harshadakumbhare/Documents/GitHub/research_project/MAESTRO_v2/src/tools/analytics.py:123: SettingWithCopyWarning: 
A value is trying to be set on a copy of a slice from a DataFrame.
Try using .loc[row_indexer,col_indexer] = value instead

See the caveats in the documentation: https://pandas.pydata.org/pandas-docs/stable/user_guide/indexing.html#returning-a-view-versus-a-copy
  data["user_engaged"] = data["user_engaged"].astype(bool).astype(int)
/Users/harshadakumbhare/Documents/GitHub/research_project/MAESTRO_v2/src/tools/analytics.py:123: SettingWithCopyWarning: 
A value is trying to be set on a copy of a slice from a DataFrame.
Try using .loc[row_indexer,col_indexer] = value instead

See the caveats in the documentation: https://pandas.pydata.org/pandas-docs/stable/user_guide/indexing.html#returning-a-view-versus-a-copy
  data["user_engaged"] = data["user_engaged"].astype(bool).astype(int)
/Users/harshadakumbhare/Documents/GitHub/research_project/MAESTRO_v2/src/tools/analytics.py:123: SettingWithCopyWarning: 
A value is trying to be set on a copy of a slice from a DataFrame.
Try using .loc[row_indexer,col_indexer] = value instead

See the caveats in the documentation: https://pandas.pydata.org/pandas-docs/stable/user_guide/indexing.html#returning-a-view-versus-a-copy
  data["user_engaged"] = data["user_engaged"].astype(bool).astype(int)
/Users/harshadakumbhare/Documents/GitHub/research_project/MAESTRO_v2/src/tools/analytics.py:123: SettingWithCopyWarning: 
A value is trying to be set on a copy of a slice from a DataFrame.
Try using .loc[row_indexer,col_indexer] = value instead

See the caveats in the documentation: https://pandas.pydata.org/pandas-docs/stable/user_guide/indexing.html#returning-a-view-versus-a-copy
  data["user_engaged"] = data["user_engaged"].astype(bool).astype(int)
/Users/harshadakumbhare/Documents/GitHub/research_project/MAESTRO_v2/src/tools/analytics.py:123: SettingWithCopyWarning: 
A value is trying to be set on a copy of a slice from a DataFrame.
Try using .loc[row_indexer,col_indexer] = value instead

See the caveats in the documentation: https://pandas.pydata.org/pandas-docs/stable/user_guide/indexing.html#returning-a-view-versus-a-copy
  data["user_engaged"] = data["user_engaged"].astype(bool).astype(int)
/Users/harshadakumbhare/Documents/GitHub/research_project/MAESTRO_v2/src/tools/analytics.py:176: SettingWithCopyWarning: 
A value is trying to be set on a copy of a slice from a DataFrame.
Try using .loc[row_indexer,col_indexer] = value instead

See the caveats in the documentation: https://pandas.pydata.org/pandas-docs/stable/user_guide/indexing.html#returning-a-view-versus-a-copy
  data["session_duration_seconds"] = data["session_duration_seconds"].astype(float)
/Users/harshadakumbhare/Documents/GitHub/research_project/MAESTRO_v2/src/tools/analytics.py:176: SettingWithCopyWarning: 
A value is trying to be set on a copy of a slice from a DataFrame.
Try using .loc[row_indexer,col_indexer] = value instead

See the caveats in the documentation: https://pandas.pydata.org/pandas-docs/stable/user_guide/indexing.html#returning-a-view-versus-a-copy
  data["session_duration_seconds"] = data["session_duration_seconds"].astype(float)
/Users/harshadakumbhare/Documents/GitHub/research_project/MAESTRO_v2/src/tools/analytics.py:123: SettingWithCopyWarning: 
A value is trying to be set on a copy of a slice from a DataFrame.
Try using .loc[row_indexer,col_indexer] = value instead

See the caveats in the documentation: https://pandas.pydata.org/pandas-docs/stable/user_guide/indexing.html#returning-a-view-versus-a-copy
  data["user_engaged"] = data["user_engaged"].astype(bool).astype(int)
/Users/harshadakumbhare/Documents/GitHub/research_project/MAESTRO_v2/src/tools/analytics.py:123: SettingWithCopyWarning: 
A value is trying to be set on a copy of a slice from a DataFrame.
Try using .loc[row_indexer,col_indexer] = value instead

See the caveats in the documentation: https://pandas.pydata.org/pandas-docs/stable/user_guide/indexing.html#returning-a-view-versus-a-copy
  data["user_engaged"] = data["user_engaged"].astype(bool).astype(int)
/Users/harshadakumbhare/Documents/GitHub/research_project/MAESTRO_v2/src/tools/analytics.py:123: SettingWithCopyWarning: 
A value is trying to be set on a copy of a slice from a DataFrame.
Try using .loc[row_indexer,col_indexer] = value instead

See the caveats in the documentation: https://pandas.pydata.org/pandas-docs/stable/user_guide/indexing.html#returning-a-view-versus-a-copy
  data["user_engaged"] = data["user_engaged"].astype(bool).astype(int)
/Users/harshadakumbhare/Documents/GitHub/research_project/MAESTRO_v2/src/tools/analytics.py:123: SettingWithCopyWarning: 
A value is trying to be set on a copy of a slice from a DataFrame.
Try using .loc[row_indexer,col_indexer] = value instead

See the caveats in the documentation: https://pandas.pydata.org/pandas-docs/stable/user_guide/indexing.html#returning-a-view-versus-a-copy
  data["user_engaged"] = data["user_engaged"].astype(bool).astype(int)
/Users/harshadakumbhare/Documents/GitHub/research_project/MAESTRO_v2/src/tools/analytics.py:176: SettingWithCopyWarning: 
A value is trying to be set on a copy of a slice from a DataFrame.
Try using .loc[row_indexer,col_indexer] = value instead

See the caveats in the documentation: https://pandas.pydata.org/pandas-docs/stable/user_guide/indexing.html#returning-a-view-versus-a-copy
  data["session_duration_seconds"] = data["session_duration_seconds"].astype(float)
/Users/harshadakumbhare/Documents/GitHub/research_project/MAESTRO_v2/src/tools/analytics.py:176: SettingWithCopyWarning: 
A value is trying to be set on a copy of a slice from a DataFrame.
Try using .loc[row_indexer,col_indexer] = value instead

See the caveats in the documentation: https://pandas.pydata.org/pandas-docs/stable/user_guide/indexing.html#returning-a-view-versus-a-copy
  data["session_duration_seconds"] = data["session_duration_seconds"].astype(float)
/Users/harshadakumbhare/Documents/GitHub/research_project/MAESTRO_v2/src/tools/analytics.py:123: SettingWithCopyWarning: 
A value is trying to be set on a copy of a slice from a DataFrame.
Try using .loc[row_indexer,col_indexer] = value instead

See the caveats in the documentation: https://pandas.pydata.org/pandas-docs/stable/user_guide/indexing.html#returning-a-view-versus-a-copy
  data["user_engaged"] = data["user_engaged"].astype(bool).astype(int)
/Users/harshadakumbhare/Documents/GitHub/research_project/MAESTRO_v2/src/tools/analytics.py:123: SettingWithCopyWarning: 
A value is trying to be set on a copy of a slice from a DataFrame.
Try using .loc[row_indexer,col_indexer] = value instead

See the caveats in the documentation: https://pandas.pydata.org/pandas-docs/stable/user_guide/indexing.html#returning-a-view-versus-a-copy
  data["user_engaged"] = data["user_engaged"].astype(bool).astype(int)
/Users/harshadakumbhare/Documents/GitHub/research_project/MAESTRO_v2/src/tools/analytics.py:176: SettingWithCopyWarning: 
A value is trying to be set on a copy of a slice from a DataFrame.
Try using .loc[row_indexer,col_indexer] = value instead

See the caveats in the documentation: https://pandas.pydata.org/pandas-docs/stable/user_guide/indexing.html#returning-a-view-versus-a-copy
  data["session_duration_seconds"] = data["session_duration_seconds"].astype(float)
/Users/harshadakumbhare/Documents/GitHub/research_project/MAESTRO_v2/src/tools/analytics.py:176: SettingWithCopyWarning: 
A value is trying to be set on a copy of a slice from a DataFrame.
Try using .loc[row_indexer,col_indexer] = value instead

See the caveats in the documentation: https://pandas.pydata.org/pandas-docs/stable/user_guide/indexing.html#returning-a-view-versus-a-copy
  data["session_duration_seconds"] = data["session_duration_seconds"].astype(float)
/Users/harshadakumbhare/Documents/GitHub/research_project/MAESTRO_v2/src/tools/analytics.py:123: SettingWithCopyWarning: 
A value is trying to be set on a copy of a slice from a DataFrame.
Try using .loc[row_indexer,col_indexer] = value instead

See the caveats in the documentation: https://pandas.pydata.org/pandas-docs/stable/user_guide/indexing.html#returning-a-view-versus-a-copy
  data["user_engaged"] = data["user_engaged"].astype(bool).astype(int)
/Users/harshadakumbhare/Documents/GitHub/research_project/MAESTRO_v2/src/tools/analytics.py:123: SettingWithCopyWarning: 
A value is trying to be set on a copy of a slice from a DataFrame.
Try using .loc[row_indexer,col_indexer] = value instead

See the caveats in the documentation: https://pandas.pydata.org/pandas-docs/stable/user_guide/indexing.html#returning-a-view-versus-a-copy
  data["user_engaged"] = data["user_engaged"].astype(bool).astype(int)
/Users/harshadakumbhare/Documents/GitHub/research_project/MAESTRO_v2/src/tools/analytics.py:176: SettingWithCopyWarning: 
A value is trying to be set on a copy of a slice from a DataFrame.
Try using .loc[row_indexer,col_indexer] = value instead

See the caveats in the documentation: https://pandas.pydata.org/pandas-docs/stable/user_guide/indexing.html#returning-a-view-versus-a-copy
  data["session_duration_seconds"] = data["session_duration_seconds"].astype(float)
/Users/harshadakumbhare/Documents/GitHub/research_project/MAESTRO_v2/src/tools/analytics.py:176: SettingWithCopyWarning: 
A value is trying to be set on a copy of a slice from a DataFrame.
Try using .loc[row_indexer,col_indexer] = value instead

See the caveats in the documentation: https://pandas.pydata.org/pandas-docs/stable/user_guide/indexing.html#returning-a-view-versus-a-copy
  data["session_duration_seconds"] = data["session_duration_seconds"].astype(float)
/Users/harshadakumbhare/Documents/GitHub/research_project/MAESTRO_v2/src/tools/analytics.py:176: SettingWithCopyWarning: 
A value is trying to be set on a copy of a slice from a DataFrame.
Try using .loc[row_indexer,col_indexer] = value instead

See the caveats in the documentation: https://pandas.pydata.org/pandas-docs/stable/user_guide/indexing.html#returning-a-view-versus-a-copy
  data["session_duration_seconds"] = data["session_duration_seconds"].astype(float)
/Users/harshadakumbhare/Documents/GitHub/research_project/MAESTRO_v2/src/tools/analytics.py:176: SettingWithCopyWarning: 
A value is trying to be set on a copy of a slice from a DataFrame.
Try using .loc[row_indexer,col_indexer] = value instead

See the caveats in the documentation: https://pandas.pydata.org/pandas-docs/stable/user_guide/indexing.html#returning-a-view-versus-a-copy
  data["session_duration_seconds"] = data["session_duration_seconds"].astype(float)
/Users/harshadakumbhare/Documents/GitHub/research_project/MAESTRO_v2/src/tools/analytics.py:123: SettingWithCopyWarning: 
A value is trying to be set on a copy of a slice from a DataFrame.
Try using .loc[row_indexer,col_indexer] = value instead

See the caveats in the documentation: https://pandas.pydata.org/pandas-docs/stable/user_guide/indexing.html#returning-a-view-versus-a-copy
  data["user_engaged"] = data["user_engaged"].astype(bool).astype(int)
/Users/harshadakumbhare/Documents/GitHub/research_project/MAESTRO_v2/src/tools/analytics.py:123: SettingWithCopyWarning: 
A value is trying to be set on a copy of a slice from a DataFrame.
Try using .loc[row_indexer,col_indexer] = value instead

See the caveats in the documentation: https://pandas.pydata.org/pandas-docs/stable/user_guide/indexing.html#returning-a-view-versus-a-copy
  data["user_engaged"] = data["user_engaged"].astype(bool).astype(int)
/Users/harshadakumbhare/Documents/GitHub/research_project/MAESTRO_v2/src/tools/analytics.py:123: SettingWithCopyWarning: 
A value is trying to be set on a copy of a slice from a DataFrame.
Try using .loc[row_indexer,col_indexer] = value instead

See the caveats in the documentation: https://pandas.pydata.org/pandas-docs/stable/user_guide/indexing.html#returning-a-view-versus-a-copy
  data["user_engaged"] = data["user_engaged"].astype(bool).astype(int)
/Users/harshadakumbhare/Documents/GitHub/research_project/MAESTRO_v2/src/tools/analytics.py:123: SettingWithCopyWarning: 
A value is trying to be set on a copy of a slice from a DataFrame.
Try using .loc[row_indexer,col_indexer] = value instead

See the caveats in the documentation: https://pandas.pydata.org/pandas-docs/stable/user_guide/indexing.html#returning-a-view-versus-a-copy
  data["user_engaged"] = data["user_engaged"].astype(bool).astype(int)
/Users/harshadakumbhare/Documents/GitHub/research_project/MAESTRO_v2/src/tools/analytics.py:123: SettingWithCopyWarning: 
A value is trying to be set on a copy of a slice from a DataFrame.
Try using .loc[row_indexer,col_indexer] = value instead

See the caveats in the documentation: https://pandas.pydata.org/pandas-docs/stable/user_guide/indexing.html#returning-a-view-versus-a-copy
  data["user_engaged"] = data["user_engaged"].astype(bool).astype(int)
/Users/harshadakumbhare/Documents/GitHub/research_project/MAESTRO_v2/src/tools/analytics.py:123: SettingWithCopyWarning: 
A value is trying to be set on a copy of a slice from a DataFrame.
Try using .loc[row_indexer,col_indexer] = value instead

See the caveats in the documentation: https://pandas.pydata.org/pandas-docs/stable/user_guide/indexing.html#returning-a-view-versus-a-copy
  data["user_engaged"] = data["user_engaged"].astype(bool).astype(int)
/Users/harshadakumbhare/Documents/GitHub/research_project/MAESTRO_v2/src/tools/analytics.py:123: SettingWithCopyWarning: 
A value is trying to be set on a copy of a slice from a DataFrame.
Try using .loc[row_indexer,col_indexer] = value instead

See the caveats in the documentation: https://pandas.pydata.org/pandas-docs/stable/user_guide/indexing.html#returning-a-view-versus-a-copy
  data["user_engaged"] = data["user_engaged"].astype(bool).astype(int)
/Users/harshadakumbhare/Documents/GitHub/research_project/MAESTRO_v2/src/tools/analytics.py:123: SettingWithCopyWarning: 
A value is trying to be set on a copy of a slice from a DataFrame.
Try using .loc[row_indexer,col_indexer] = value instead

See the caveats in the documentation: https://pandas.pydata.org/pandas-docs/stable/user_guide/indexing.html#returning-a-view-versus-a-copy
  data["user_engaged"] = data["user_engaged"].astype(bool).astype(int)
/Users/harshadakumbhare/Documents/GitHub/research_project/MAESTRO_v2/src/tools/analytics.py:123: SettingWithCopyWarning: 
A value is trying to be set on a copy of a slice from a DataFrame.
Try using .loc[row_indexer,col_indexer] = value instead

See the caveats in the documentation: https://pandas.pydata.org/pandas-docs/stable/user_guide/indexing.html#returning-a-view-versus-a-copy
  data["user_engaged"] = data["user_engaged"].astype(bool).astype(int)
/Users/harshadakumbhare/Documents/GitHub/research_project/MAESTRO_v2/src/tools/analytics.py:123: SettingWithCopyWarning: 
A value is trying to be set on a copy of a slice from a DataFrame.
Try using .loc[row_indexer,col_indexer] = value instead

See the caveats in the documentation: https://pandas.pydata.org/pandas-docs/stable/user_guide/indexing.html#returning-a-view-versus-a-copy
  data["user_engaged"] = data["user_engaged"].astype(bool).astype(int)
/Users/harshadakumbhare/Documents/GitHub/research_project/MAESTRO_v2/src/tools/analytics.py:176: SettingWithCopyWarning: 
A value is trying to be set on a copy of a slice from a DataFrame.
Try using .loc[row_indexer,col_indexer] = value instead

See the caveats in the documentation: https://pandas.pydata.org/pandas-docs/stable/user_guide/indexing.html#returning-a-view-versus-a-copy
  data["session_duration_seconds"] = data["session_duration_seconds"].astype(float)
/Users/harshadakumbhare/Documents/GitHub/research_project/MAESTRO_v2/src/tools/analytics.py:176: SettingWithCopyWarning: 
A value is trying to be set on a copy of a slice from a DataFrame.
Try using .loc[row_indexer,col_indexer] = value instead

See the caveats in the documentation: https://pandas.pydata.org/pandas-docs/stable/user_guide/indexing.html#returning-a-view-versus-a-copy
  data["session_duration_seconds"] = data["session_duration_seconds"].astype(float)
/Users/harshadakumbhare/Documents/GitHub/research_project/MAESTRO_v2/src/tools/analytics.py:176: SettingWithCopyWarning: 
A value is trying to be set on a copy of a slice from a DataFrame.
Try using .loc[row_indexer,col_indexer] = value instead

See the caveats in the documentation: https://pandas.pydata.org/pandas-docs/stable/user_guide/indexing.html#returning-a-view-versus-a-copy
  data["session_duration_seconds"] = data["session_duration_seconds"].astype(float)
/Users/harshadakumbhare/Documents/GitHub/research_project/MAESTRO_v2/src/tools/analytics.py:176: SettingWithCopyWarning: 
A value is trying to be set on a copy of a slice from a DataFrame.
Try using .loc[row_indexer,col_indexer] = value instead

See the caveats in the documentation: https://pandas.pydata.org/pandas-docs/stable/user_guide/indexing.html#returning-a-view-versus-a-copy
  data["session_duration_seconds"] = data["session_duration_seconds"].astype(float)
/Users/harshadakumbhare/Documents/GitHub/research_project/MAESTRO_v2/src/tools/analytics.py:123: SettingWithCopyWarning: 
A value is trying to be set on a copy of a slice from a DataFrame.
Try using .loc[row_indexer,col_indexer] = value instead

See the caveats in the documentation: https://pandas.pydata.org/pandas-docs/stable/user_guide/indexing.html#returning-a-view-versus-a-copy
  data["user_engaged"] = data["user_engaged"].astype(bool).astype(int)
/Users/harshadakumbhare/Documents/GitHub/research_project/MAESTRO_v2/src/tools/analytics.py:123: SettingWithCopyWarning: 
A value is trying to be set on a copy of a slice from a DataFrame.
Try using .loc[row_indexer,col_indexer] = value instead

See the caveats in the documentation: https://pandas.pydata.org/pandas-docs/stable/user_guide/indexing.html#returning-a-view-versus-a-copy
  data["user_engaged"] = data["user_engaged"].astype(bool).astype(int)
/Users/harshadakumbhare/Documents/GitHub/research_project/MAESTRO_v2/src/tools/analytics.py:123: SettingWithCopyWarning: 
A value is trying to be set on a copy of a slice from a DataFrame.
Try using .loc[row_indexer,col_indexer] = value instead

See the caveats in the documentation: https://pandas.pydata.org/pandas-docs/stable/user_guide/indexing.html#returning-a-view-versus-a-copy
  data["user_engaged"] = data["user_engaged"].astype(bool).astype(int)
/Users/harshadakumbhare/Documents/GitHub/research_project/MAESTRO_v2/src/tools/analytics.py:123: SettingWithCopyWarning: 
A value is trying to be set on a copy of a slice from a DataFrame.
Try using .loc[row_indexer,col_indexer] = value instead

See the caveats in the documentation: https://pandas.pydata.org/pandas-docs/stable/user_guide/indexing.html#returning-a-view-versus-a-copy
  data["user_engaged"] = data["user_engaged"].astype(bool).astype(int)
/Users/harshadakumbhare/Documents/GitHub/research_project/MAESTRO_v2/src/tools/analytics.py:176: SettingWithCopyWarning: 
A value is trying to be set on a copy of a slice from a DataFrame.
Try using .loc[row_indexer,col_indexer] = value instead

See the caveats in the documentation: https://pandas.pydata.org/pandas-docs/stable/user_guide/indexing.html#returning-a-view-versus-a-copy
  data["session_duration_seconds"] = data["session_duration_seconds"].astype(float)
/Users/harshadakumbhare/Documents/GitHub/research_project/MAESTRO_v2/src/tools/analytics.py:176: SettingWithCopyWarning: 
A value is trying to be set on a copy of a slice from a DataFrame.
Try using .loc[row_indexer,col_indexer] = value instead

See the caveats in the documentation: https://pandas.pydata.org/pandas-docs/stable/user_guide/indexing.html#returning-a-view-versus-a-copy
  data["session_duration_seconds"] = data["session_duration_seconds"].astype(float)
/Users/harshadakumbhare/Documents/GitHub/research_project/MAESTRO_v2/src/tools/analytics.py:123: SettingWithCopyWarning: 
A value is trying to be set on a copy of a slice from a DataFrame.
Try using .loc[row_indexer,col_indexer] = value instead

See the caveats in the documentation: https://pandas.pydata.org/pandas-docs/stable/user_guide/indexing.html#returning-a-view-versus-a-copy
  data["user_engaged"] = data["user_engaged"].astype(bool).astype(int)
/Users/harshadakumbhare/Documents/GitHub/research_project/MAESTRO_v2/src/tools/analytics.py:123: SettingWithCopyWarning: 
A value is trying to be set on a copy of a slice from a DataFrame.
Try using .loc[row_indexer,col_indexer] = value instead

See the caveats in the documentation: https://pandas.pydata.org/pandas-docs/stable/user_guide/indexing.html#returning-a-view-versus-a-copy
  data["user_engaged"] = data["user_engaged"].astype(bool).astype(int)
/Users/harshadakumbhare/Documents/GitHub/research_project/MAESTRO_v2/src/tools/analytics.py:176: SettingWithCopyWarning: 
A value is trying to be set on a copy of a slice from a DataFrame.
Try using .loc[row_indexer,col_indexer] = value instead

See the caveats in the documentation: https://pandas.pydata.org/pandas-docs/stable/user_guide/indexing.html#returning-a-view-versus-a-copy
  data["session_duration_seconds"] = data["session_duration_seconds"].astype(float)
/Users/harshadakumbhare/Documents/GitHub/research_project/MAESTRO_v2/src/tools/analytics.py:176: SettingWithCopyWarning: 
A value is trying to be set on a copy of a slice from a DataFrame.
Try using .loc[row_indexer,col_indexer] = value instead

See the caveats in the documentation: https://pandas.pydata.org/pandas-docs/stable/user_guide/indexing.html#returning-a-view-versus-a-copy
  data["session_duration_seconds"] = data["session_duration_seconds"].astype(float)
/Users/harshadakumbhare/Documents/GitHub/research_project/MAESTRO_v2/src/tools/analytics.py:176: SettingWithCopyWarning: 
A value is trying to be set on a copy of a slice from a DataFrame.
Try using .loc[row_indexer,col_indexer] = value instead

See the caveats in the documentation: https://pandas.pydata.org/pandas-docs/stable/user_guide/indexing.html#returning-a-view-versus-a-copy
  data["session_duration_seconds"] = data["session_duration_seconds"].astype(float)
/Users/harshadakumbhare/Documents/GitHub/research_project/MAESTRO_v2/src/tools/analytics.py:176: SettingWithCopyWarning: 
A value is trying to be set on a copy of a slice from a DataFrame.
Try using .loc[row_indexer,col_indexer] = value instead

See the caveats in the documentation: https://pandas.pydata.org/pandas-docs/stable/user_guide/indexing.html#returning-a-view-versus-a-copy
  data["session_duration_seconds"] = data["session_duration_seconds"].astype(float)
/Users/harshadakumbhare/Documents/GitHub/research_project/MAESTRO_v2/src/tools/analytics.py:123: SettingWithCopyWarning: 
A value is trying to be set on a copy of a slice from a DataFrame.
Try using .loc[row_indexer,col_indexer] = value instead

See the caveats in the documentation: https://pandas.pydata.org/pandas-docs/stable/user_guide/indexing.html#returning-a-view-versus-a-copy
  data["user_engaged"] = data["user_engaged"].astype(bool).astype(int)
/Users/harshadakumbhare/Documents/GitHub/research_project/MAESTRO_v2/src/tools/analytics.py:123: SettingWithCopyWarning: 
A value is trying to be set on a copy of a slice from a DataFrame.
Try using .loc[row_indexer,col_indexer] = value instead

See the caveats in the documentation: https://pandas.pydata.org/pandas-docs/stable/user_guide/indexing.html#returning-a-view-versus-a-copy
  data["user_engaged"] = data["user_engaged"].astype(bool).astype(int)
/Users/harshadakumbhare/Documents/GitHub/research_project/MAESTRO_v2/src/tools/analytics.py:123: SettingWithCopyWarning: 
A value is trying to be set on a copy of a slice from a DataFrame.
Try using .loc[row_indexer,col_indexer] = value instead

See the caveats in the documentation: https://pandas.pydata.org/pandas-docs/stable/user_guide/indexing.html#returning-a-view-versus-a-copy
  data["user_engaged"] = data["user_engaged"].astype(bool).astype(int)
/Users/harshadakumbhare/Documents/GitHub/research_project/MAESTRO_v2/src/tools/analytics.py:123: SettingWithCopyWarning: 
A value is trying to be set on a copy of a slice from a DataFrame.
Try using .loc[row_indexer,col_indexer] = value instead

See the caveats in the documentation: https://pandas.pydata.org/pandas-docs/stable/user_guide/indexing.html#returning-a-view-versus-a-copy
  data["user_engaged"] = data["user_engaged"].astype(bool).astype(int)
/Users/harshadakumbhare/Documents/GitHub/research_project/MAESTRO_v2/src/tools/analytics.py:176: SettingWithCopyWarning: 
A value is trying to be set on a copy of a slice from a DataFrame.
Try using .loc[row_indexer,col_indexer] = value instead

See the caveats in the documentation: https://pandas.pydata.org/pandas-docs/stable/user_guide/indexing.html#returning-a-view-versus-a-copy
  data["session_duration_seconds"] = data["session_duration_seconds"].astype(float)
/Users/harshadakumbhare/Documents/GitHub/research_project/MAESTRO_v2/src/tools/analytics.py:176: SettingWithCopyWarning: 
A value is trying to be set on a copy of a slice from a DataFrame.
Try using .loc[row_indexer,col_indexer] = value instead

See the caveats in the documentation: https://pandas.pydata.org/pandas-docs/stable/user_guide/indexing.html#returning-a-view-versus-a-copy
  data["session_duration_seconds"] = data["session_duration_seconds"].astype(float)
/Users/harshadakumbhare/Documents/GitHub/research_project/MAESTRO_v2/src/tools/analytics.py:176: SettingWithCopyWarning: 
A value is trying to be set on a copy of a slice from a DataFrame.
Try using .loc[row_indexer,col_indexer] = value instead

See the caveats in the documentation: https://pandas.pydata.org/pandas-docs/stable/user_guide/indexing.html#returning-a-view-versus-a-copy
  data["session_duration_seconds"] = data["session_duration_seconds"].astype(float)
/Users/harshadakumbhare/Documents/GitHub/research_project/MAESTRO_v2/src/tools/analytics.py:176: SettingWithCopyWarning: 
A value is trying to be set on a copy of a slice from a DataFrame.
Try using .loc[row_indexer,col_indexer] = value instead

See the caveats in the documentation: https://pandas.pydata.org/pandas-docs/stable/user_guide/indexing.html#returning-a-view-versus-a-copy
  data["session_duration_seconds"] = data["session_duration_seconds"].astype(float)
/Users/harshadakumbhare/Documents/GitHub/research_project/MAESTRO_v2/src/tools/analytics.py:123: SettingWithCopyWarning: 
A value is trying to be set on a copy of a slice from a DataFrame.
Try using .loc[row_indexer,col_indexer] = value instead

See the caveats in the documentation: https://pandas.pydata.org/pandas-docs/stable/user_guide/indexing.html#returning-a-view-versus-a-copy
  data["user_engaged"] = data["user_engaged"].astype(bool).astype(int)
/Users/harshadakumbhare/Documents/GitHub/research_project/MAESTRO_v2/src/tools/analytics.py:123: SettingWithCopyWarning: 
A value is trying to be set on a copy of a slice from a DataFrame.
Try using .loc[row_indexer,col_indexer] = value instead

See the caveats in the documentation: https://pandas.pydata.org/pandas-docs/stable/user_guide/indexing.html#returning-a-view-versus-a-copy
  data["user_engaged"] = data["user_engaged"].astype(bool).astype(int)
/Users/harshadakumbhare/Documents/GitHub/research_project/MAESTRO_v2/src/tools/analytics.py:123: SettingWithCopyWarning: 
A value is trying to be set on a copy of a slice from a DataFrame.
Try using .loc[row_indexer,col_indexer] = value instead

See the caveats in the documentation: https://pandas.pydata.org/pandas-docs/stable/user_guide/indexing.html#returning-a-view-versus-a-copy
  data["user_engaged"] = data["user_engaged"].astype(bool).astype(int)
/Users/harshadakumbhare/Documents/GitHub/research_project/MAESTRO_v2/src/tools/analytics.py:123: SettingWithCopyWarning: 
A value is trying to be set on a copy of a slice from a DataFrame.
Try using .loc[row_indexer,col_indexer] = value instead

See the caveats in the documentation: https://pandas.pydata.org/pandas-docs/stable/user_guide/indexing.html#returning-a-view-versus-a-copy
  data["user_engaged"] = data["user_engaged"].astype(bool).astype(int)
/Users/harshadakumbhare/Documents/GitHub/research_project/MAESTRO_v2/src/tools/analytics.py:176: SettingWithCopyWarning: 
A value is trying to be set on a copy of a slice from a DataFrame.
Try using .loc[row_indexer,col_indexer] = value instead

See the caveats in the documentation: https://pandas.pydata.org/pandas-docs/stable/user_guide/indexing.html#returning-a-view-versus-a-copy
  data["session_duration_seconds"] = data["session_duration_seconds"].astype(float)
/Users/harshadakumbhare/Documents/GitHub/research_project/MAESTRO_v2/src/tools/analytics.py:176: SettingWithCopyWarning: 
A value is trying to be set on a copy of a slice from a DataFrame.
Try using .loc[row_indexer,col_indexer] = value instead

See the caveats in the documentation: https://pandas.pydata.org/pandas-docs/stable/user_guide/indexing.html#returning-a-view-versus-a-copy
  data["session_duration_seconds"] = data["session_duration_seconds"].astype(float)
/Users/harshadakumbhare/Documents/GitHub/research_project/MAESTRO_v2/src/tools/analytics.py:176: SettingWithCopyWarning: 
A value is trying to be set on a copy of a slice from a DataFrame.
Try using .loc[row_indexer,col_indexer] = value instead

See the caveats in the documentation: https://pandas.pydata.org/pandas-docs/stable/user_guide/indexing.html#returning-a-view-versus-a-copy
  data["session_duration_seconds"] = data["session_duration_seconds"].astype(float)
/Users/harshadakumbhare/Documents/GitHub/research_project/MAESTRO_v2/src/tools/analytics.py:176: SettingWithCopyWarning: 
A value is trying to be set on a copy of a slice from a DataFrame.
Try using .loc[row_indexer,col_indexer] = value instead

See the caveats in the documentation: https://pandas.pydata.org/pandas-docs/stable/user_guide/indexing.html#returning-a-view-versus-a-copy
  data["session_duration_seconds"] = data["session_duration_seconds"].astype(float)
/Users/harshadakumbhare/Documents/GitHub/research_project/MAESTRO_v2/src/tools/analytics.py:123: SettingWithCopyWarning: 
A value is trying to be set on a copy of a slice from a DataFrame.
Try using .loc[row_indexer,col_indexer] = value instead

See the caveats in the documentation: https://pandas.pydata.org/pandas-docs/stable/user_guide/indexing.html#returning-a-view-versus-a-copy
  data["user_engaged"] = data["user_engaged"].astype(bool).astype(int)
/Users/harshadakumbhare/Documents/GitHub/research_project/MAESTRO_v2/src/tools/analytics.py:123: SettingWithCopyWarning: 
A value is trying to be set on a copy of a slice from a DataFrame.
Try using .loc[row_indexer,col_indexer] = value instead

See the caveats in the documentation: https://pandas.pydata.org/pandas-docs/stable/user_guide/indexing.html#returning-a-view-versus-a-copy
  data["user_engaged"] = data["user_engaged"].astype(bool).astype(int)
/Users/harshadakumbhare/Documents/GitHub/research_project/MAESTRO_v2/src/tools/analytics.py:123: SettingWithCopyWarning: 
A value is trying to be set on a copy of a slice from a DataFrame.
Try using .loc[row_indexer,col_indexer] = value instead

See the caveats in the documentation: https://pandas.pydata.org/pandas-docs/stable/user_guide/indexing.html#returning-a-view-versus-a-copy
  data["user_engaged"] = data["user_engaged"].astype(bool).astype(int)
/Users/harshadakumbhare/Documents/GitHub/research_project/MAESTRO_v2/src/tools/analytics.py:123: SettingWithCopyWarning: 
A value is trying to be set on a copy of a slice from a DataFrame.
Try using .loc[row_indexer,col_indexer] = value instead

See the caveats in the documentation: https://pandas.pydata.org/pandas-docs/stable/user_guide/indexing.html#returning-a-view-versus-a-copy
  data["user_engaged"] = data["user_engaged"].astype(bool).astype(int)
/Users/harshadakumbhare/Documents/GitHub/research_project/MAESTRO_v2/src/tools/analytics.py:123: SettingWithCopyWarning: 
A value is trying to be set on a copy of a slice from a DataFrame.
Try using .loc[row_indexer,col_indexer] = value instead

See the caveats in the documentation: https://pandas.pydata.org/pandas-docs/stable/user_guide/indexing.html#returning-a-view-versus-a-copy
  data["user_engaged"] = data["user_engaged"].astype(bool).astype(int)
/Users/harshadakumbhare/Documents/GitHub/research_project/MAESTRO_v2/src/tools/analytics.py:123: SettingWithCopyWarning: 
A value is trying to be set on a copy of a slice from a DataFrame.
Try using .loc[row_indexer,col_indexer] = value instead

See the caveats in the documentation: https://pandas.pydata.org/pandas-docs/stable/user_guide/indexing.html#returning-a-view-versus-a-copy
  data["user_engaged"] = data["user_engaged"].astype(bool).astype(int)
/Users/harshadakumbhare/Documents/GitHub/research_project/MAESTRO_v2/src/tools/analytics.py:176: SettingWithCopyWarning: 
A value is trying to be set on a copy of a slice from a DataFrame.
Try using .loc[row_indexer,col_indexer] = value instead

See the caveats in the documentation: https://pandas.pydata.org/pandas-docs/stable/user_guide/indexing.html#returning-a-view-versus-a-copy
  data["session_duration_seconds"] = data["session_duration_seconds"].astype(float)
/Users/harshadakumbhare/Documents/GitHub/research_project/MAESTRO_v2/src/tools/analytics.py:176: SettingWithCopyWarning: 
A value is trying to be set on a copy of a slice from a DataFrame.
Try using .loc[row_indexer,col_indexer] = value instead

See the caveats in the documentation: https://pandas.pydata.org/pandas-docs/stable/user_guide/indexing.html#returning-a-view-versus-a-copy
  data["session_duration_seconds"] = data["session_duration_seconds"].astype(float)
/Users/harshadakumbhare/Documents/GitHub/research_project/MAESTRO_v2/src/tools/analytics.py:123: SettingWithCopyWarning: 
A value is trying to be set on a copy of a slice from a DataFrame.
Try using .loc[row_indexer,col_indexer] = value instead

See the caveats in the documentation: https://pandas.pydata.org/pandas-docs/stable/user_guide/indexing.html#returning-a-view-versus-a-copy
  data["user_engaged"] = data["user_engaged"].astype(bool).astype(int)
/Users/harshadakumbhare/Documents/GitHub/research_project/MAESTRO_v2/src/tools/analytics.py:123: SettingWithCopyWarning: 
A value is trying to be set on a copy of a slice from a DataFrame.
Try using .loc[row_indexer,col_indexer] = value instead

See the caveats in the documentation: https://pandas.pydata.org/pandas-docs/stable/user_guide/indexing.html#returning-a-view-versus-a-copy
  data["user_engaged"] = data["user_engaged"].astype(bool).astype(int)
/Users/harshadakumbhare/Documents/GitHub/research_project/MAESTRO_v2/src/tools/analytics.py:123: SettingWithCopyWarning: 
A value is trying to be set on a copy of a slice from a DataFrame.
Try using .loc[row_indexer,col_indexer] = value instead

See the caveats in the documentation: https://pandas.pydata.org/pandas-docs/stable/user_guide/indexing.html#returning-a-view-versus-a-copy
  data["user_engaged"] = data["user_engaged"].astype(bool).astype(int)
/Users/harshadakumbhare/Documents/GitHub/research_project/MAESTRO_v2/src/tools/analytics.py:123: SettingWithCopyWarning: 
A value is trying to be set on a copy of a slice from a DataFrame.
Try using .loc[row_indexer,col_indexer] = value instead

See the caveats in the documentation: https://pandas.pydata.org/pandas-docs/stable/user_guide/indexing.html#returning-a-view-versus-a-copy
  data["user_engaged"] = data["user_engaged"].astype(bool).astype(int)
/Users/harshadakumbhare/Documents/GitHub/research_project/MAESTRO_v2/src/tools/analytics.py:123: SettingWithCopyWarning: 
A value is trying to be set on a copy of a slice from a DataFrame.
Try using .loc[row_indexer,col_indexer] = value instead

See the caveats in the documentation: https://pandas.pydata.org/pandas-docs/stable/user_guide/indexing.html#returning-a-view-versus-a-copy
  data["user_engaged"] = data["user_engaged"].astype(bool).astype(int)
/Users/harshadakumbhare/Documents/GitHub/research_project/MAESTRO_v2/src/tools/analytics.py:123: SettingWithCopyWarning: 
A value is trying to be set on a copy of a slice from a DataFrame.
Try using .loc[row_indexer,col_indexer] = value instead

See the caveats in the documentation: https://pandas.pydata.org/pandas-docs/stable/user_guide/indexing.html#returning-a-view-versus-a-copy
  data["user_engaged"] = data["user_engaged"].astype(bool).astype(int)
/Users/harshadakumbhare/Documents/GitHub/research_project/MAESTRO_v2/src/tools/analytics.py:123: SettingWithCopyWarning: 
A value is trying to be set on a copy of a slice from a DataFrame.
Try using .loc[row_indexer,col_indexer] = value instead

See the caveats in the documentation: https://pandas.pydata.org/pandas-docs/stable/user_guide/indexing.html#returning-a-view-versus-a-copy
  data["user_engaged"] = data["user_engaged"].astype(bool).astype(int)
/Users/harshadakumbhare/Documents/GitHub/research_project/MAESTRO_v2/src/tools/analytics.py:123: SettingWithCopyWarning: 
A value is trying to be set on a copy of a slice from a DataFrame.
Try using .loc[row_indexer,col_indexer] = value instead

See the caveats in the documentation: https://pandas.pydata.org/pandas-docs/stable/user_guide/indexing.html#returning-a-view-versus-a-copy
  data["user_engaged"] = data["user_engaged"].astype(bool).astype(int)
/Users/harshadakumbhare/Documents/GitHub/research_project/MAESTRO_v2/src/tools/analytics.py:176: SettingWithCopyWarning: 
A value is trying to be set on a copy of a slice from a DataFrame.
Try using .loc[row_indexer,col_indexer] = value instead

See the caveats in the documentation: https://pandas.pydata.org/pandas-docs/stable/user_guide/indexing.html#returning-a-view-versus-a-copy
  data["session_duration_seconds"] = data["session_duration_seconds"].astype(float)
/Users/harshadakumbhare/Documents/GitHub/research_project/MAESTRO_v2/src/tools/analytics.py:176: SettingWithCopyWarning: 
A value is trying to be set on a copy of a slice from a DataFrame.
Try using .loc[row_indexer,col_indexer] = value instead

See the caveats in the documentation: https://pandas.pydata.org/pandas-docs/stable/user_guide/indexing.html#returning-a-view-versus-a-copy
  data["session_duration_seconds"] = data["session_duration_seconds"].astype(float)
/Users/harshadakumbhare/Documents/GitHub/research_project/MAESTRO_v2/src/tools/analytics.py:176: SettingWithCopyWarning: 
A value is trying to be set on a copy of a slice from a DataFrame.
Try using .loc[row_indexer,col_indexer] = value instead

See the caveats in the documentation: https://pandas.pydata.org/pandas-docs/stable/user_guide/indexing.html#returning-a-view-versus-a-copy
  data["session_duration_seconds"] = data["session_duration_seconds"].astype(float)
/Users/harshadakumbhare/Documents/GitHub/research_project/MAESTRO_v2/src/tools/analytics.py:176: SettingWithCopyWarning: 
A value is trying to be set on a copy of a slice from a DataFrame.
Try using .loc[row_indexer,col_indexer] = value instead

See the caveats in the documentation: https://pandas.pydata.org/pandas-docs/stable/user_guide/indexing.html#returning-a-view-versus-a-copy
  data["session_duration_seconds"] = data["session_duration_seconds"].astype(float)
/Users/harshadakumbhare/Documents/GitHub/research_project/MAESTRO_v2/src/tools/analytics.py:176: SettingWithCopyWarning: 
A value is trying to be set on a copy of a slice from a DataFrame.
Try using .loc[row_indexer,col_indexer] = value instead

See the caveats in the documentation: https://pandas.pydata.org/pandas-docs/stable/user_guide/indexing.html#returning-a-view-versus-a-copy
  data["session_duration_seconds"] = data["session_duration_seconds"].astype(float)
/Users/harshadakumbhare/Documents/GitHub/research_project/MAESTRO_v2/src/tools/analytics.py:176: SettingWithCopyWarning: 
A value is trying to be set on a copy of a slice from a DataFrame.
Try using .loc[row_indexer,col_indexer] = value instead

See the caveats in the documentation: https://pandas.pydata.org/pandas-docs/stable/user_guide/indexing.html#returning-a-view-versus-a-copy
  data["session_duration_seconds"] = data["session_duration_seconds"].astype(float)
/Users/harshadakumbhare/Documents/GitHub/research_project/MAESTRO_v2/src/tools/analytics.py:123: SettingWithCopyWarning: 
A value is trying to be set on a copy of a slice from a DataFrame.
Try using .loc[row_indexer,col_indexer] = value instead

See the caveats in the documentation: https://pandas.pydata.org/pandas-docs/stable/user_guide/indexing.html#returning-a-view-versus-a-copy
  data["user_engaged"] = data["user_engaged"].astype(bool).astype(int)
/Users/harshadakumbhare/Documents/GitHub/research_project/MAESTRO_v2/src/tools/analytics.py:123: SettingWithCopyWarning: 
A value is trying to be set on a copy of a slice from a DataFrame.
Try using .loc[row_indexer,col_indexer] = value instead

See the caveats in the documentation: https://pandas.pydata.org/pandas-docs/stable/user_guide/indexing.html#returning-a-view-versus-a-copy
  data["user_engaged"] = data["user_engaged"].astype(bool).astype(int)
/Users/harshadakumbhare/Documents/GitHub/research_project/MAESTRO_v2/src/tools/analytics.py:176: SettingWithCopyWarning: 
A value is trying to be set on a copy of a slice from a DataFrame.
Try using .loc[row_indexer,col_indexer] = value instead

See the caveats in the documentation: https://pandas.pydata.org/pandas-docs/stable/user_guide/indexing.html#returning-a-view-versus-a-copy
  data["session_duration_seconds"] = data["session_duration_seconds"].astype(float)
/Users/harshadakumbhare/Documents/GitHub/research_project/MAESTRO_v2/src/tools/analytics.py:176: SettingWithCopyWarning: 
A value is trying to be set on a copy of a slice from a DataFrame.
Try using .loc[row_indexer,col_indexer] = value instead

See the caveats in the documentation: https://pandas.pydata.org/pandas-docs/stable/user_guide/indexing.html#returning-a-view-versus-a-copy
  data["session_duration_seconds"] = data["session_duration_seconds"].astype(float)
/Users/harshadakumbhare/Documents/GitHub/research_project/MAESTRO_v2/src/tools/analytics.py:123: SettingWithCopyWarning: 
A value is trying to be set on a copy of a slice from a DataFrame.
Try using .loc[row_indexer,col_indexer] = value instead

See the caveats in the documentation: https://pandas.pydata.org/pandas-docs/stable/user_guide/indexing.html#returning-a-view-versus-a-copy
  data["user_engaged"] = data["user_engaged"].astype(bool).astype(int)
/Users/harshadakumbhare/Documents/GitHub/research_project/MAESTRO_v2/src/tools/analytics.py:176: SettingWithCopyWarning: 
A value is trying to be set on a copy of a slice from a DataFrame.
Try using .loc[row_indexer,col_indexer] = value instead

See the caveats in the documentation: https://pandas.pydata.org/pandas-docs/stable/user_guide/indexing.html#returning-a-view-versus-a-copy
  data["session_duration_seconds"] = data["session_duration_seconds"].astype(float)
/Users/harshadakumbhare/Documents/GitHub/research_project/MAESTRO_v2/src/tools/analytics.py:123: SettingWithCopyWarning: 
A value is trying to be set on a copy of a slice from a DataFrame.
Try using .loc[row_indexer,col_indexer] = value instead

See the caveats in the documentation: https://pandas.pydata.org/pandas-docs/stable/user_guide/indexing.html#returning-a-view-versus-a-copy
  data["user_engaged"] = data["user_engaged"].astype(bool).astype(int)
/Users/harshadakumbhare/Documents/GitHub/research_project/MAESTRO_v2/src/tools/analytics.py:123: SettingWithCopyWarning: 
A value is trying to be set on a copy of a slice from a DataFrame.
Try using .loc[row_indexer,col_indexer] = value instead

See the caveats in the documentation: https://pandas.pydata.org/pandas-docs/stable/user_guide/indexing.html#returning-a-view-versus-a-copy
  data["user_engaged"] = data["user_engaged"].astype(bool).astype(int)
/Users/harshadakumbhare/Documents/GitHub/research_project/MAESTRO_v2/src/tools/analytics.py:123: SettingWithCopyWarning: 
A value is trying to be set on a copy of a slice from a DataFrame.
Try using .loc[row_indexer,col_indexer] = value instead

See the caveats in the documentation: https://pandas.pydata.org/pandas-docs/stable/user_guide/indexing.html#returning-a-view-versus-a-copy
  data["user_engaged"] = data["user_engaged"].astype(bool).astype(int)
/Users/harshadakumbhare/Documents/GitHub/research_project/MAESTRO_v2/src/tools/analytics.py:123: SettingWithCopyWarning: 
A value is trying to be set on a copy of a slice from a DataFrame.
Try using .loc[row_indexer,col_indexer] = value instead

See the caveats in the documentation: https://pandas.pydata.org/pandas-docs/stable/user_guide/indexing.html#returning-a-view-versus-a-copy
  data["user_engaged"] = data["user_engaged"].astype(bool).astype(int)
/Users/harshadakumbhare/Documents/GitHub/research_project/MAESTRO_v2/src/tools/analytics.py:123: SettingWithCopyWarning: 
A value is trying to be set on a copy of a slice from a DataFrame.
Try using .loc[row_indexer,col_indexer] = value instead

See the caveats in the documentation: https://pandas.pydata.org/pandas-docs/stable/user_guide/indexing.html#returning-a-view-versus-a-copy
  data["user_engaged"] = data["user_engaged"].astype(bool).astype(int)
/Users/harshadakumbhare/Documents/GitHub/research_project/MAESTRO_v2/src/tools/analytics.py:123: SettingWithCopyWarning: 
A value is trying to be set on a copy of a slice from a DataFrame.
Try using .loc[row_indexer,col_indexer] = value instead

See the caveats in the documentation: https://pandas.pydata.org/pandas-docs/stable/user_guide/indexing.html#returning-a-view-versus-a-copy
  data["user_engaged"] = data["user_engaged"].astype(bool).astype(int)
/Users/harshadakumbhare/Documents/GitHub/research_project/MAESTRO_v2/src/tools/analytics.py:123: SettingWithCopyWarning: 
A value is trying to be set on a copy of a slice from a DataFrame.
Try using .loc[row_indexer,col_indexer] = value instead

See the caveats in the documentation: https://pandas.pydata.org/pandas-docs/stable/user_guide/indexing.html#returning-a-view-versus-a-copy
  data["user_engaged"] = data["user_engaged"].astype(bool).astype(int)
/Users/harshadakumbhare/Documents/GitHub/research_project/MAESTRO_v2/src/tools/analytics.py:123: SettingWithCopyWarning: 
A value is trying to be set on a copy of a slice from a DataFrame.
Try using .loc[row_indexer,col_indexer] = value instead

See the caveats in the documentation: https://pandas.pydata.org/pandas-docs/stable/user_guide/indexing.html#returning-a-view-versus-a-copy
  data["user_engaged"] = data["user_engaged"].astype(bool).astype(int)
/Users/harshadakumbhare/Documents/GitHub/research_project/MAESTRO_v2/src/tools/analytics.py:123: SettingWithCopyWarning: 
A value is trying to be set on a copy of a slice from a DataFrame.
Try using .loc[row_indexer,col_indexer] = value instead

See the caveats in the documentation: https://pandas.pydata.org/pandas-docs/stable/user_guide/indexing.html#returning-a-view-versus-a-copy
  data["user_engaged"] = data["user_engaged"].astype(bool).astype(int)
/Users/harshadakumbhare/Documents/GitHub/research_project/MAESTRO_v2/src/tools/analytics.py:176: SettingWithCopyWarning: 
A value is trying to be set on a copy of a slice from a DataFrame.
Try using .loc[row_indexer,col_indexer] = value instead

See the caveats in the documentation: https://pandas.pydata.org/pandas-docs/stable/user_guide/indexing.html#returning-a-view-versus-a-copy
  data["session_duration_seconds"] = data["session_duration_seconds"].astype(float)
/Users/harshadakumbhare/Documents/GitHub/research_project/MAESTRO_v2/src/tools/analytics.py:123: SettingWithCopyWarning: 
A value is trying to be set on a copy of a slice from a DataFrame.
Try using .loc[row_indexer,col_indexer] = value instead

See the caveats in the documentation: https://pandas.pydata.org/pandas-docs/stable/user_guide/indexing.html#returning-a-view-versus-a-copy
  data["user_engaged"] = data["user_engaged"].astype(bool).astype(int)
/Users/harshadakumbhare/Documents/GitHub/research_project/MAESTRO_v2/src/tools/analytics.py:123: SettingWithCopyWarning: 
A value is trying to be set on a copy of a slice from a DataFrame.
Try using .loc[row_indexer,col_indexer] = value instead

See the caveats in the documentation: https://pandas.pydata.org/pandas-docs/stable/user_guide/indexing.html#returning-a-view-versus-a-copy
  data["user_engaged"] = data["user_engaged"].astype(bool).astype(int)
/Users/harshadakumbhare/Documents/GitHub/research_project/MAESTRO_v2/src/tools/analytics.py:123: SettingWithCopyWarning: 
A value is trying to be set on a copy of a slice from a DataFrame.
Try using .loc[row_indexer,col_indexer] = value instead

See the caveats in the documentation: https://pandas.pydata.org/pandas-docs/stable/user_guide/indexing.html#returning-a-view-versus-a-copy
  data["user_engaged"] = data["user_engaged"].astype(bool).astype(int)
/Users/harshadakumbhare/Documents/GitHub/research_project/MAESTRO_v2/src/tools/analytics.py:123: SettingWithCopyWarning: 
A value is trying to be set on a copy of a slice from a DataFrame.
Try using .loc[row_indexer,col_indexer] = value instead

See the caveats in the documentation: https://pandas.pydata.org/pandas-docs/stable/user_guide/indexing.html#returning-a-view-versus-a-copy
  data["user_engaged"] = data["user_engaged"].astype(bool).astype(int)
/Users/harshadakumbhare/Documents/GitHub/research_project/MAESTRO_v2/src/tools/analytics.py:123: SettingWithCopyWarning: 
A value is trying to be set on a copy of a slice from a DataFrame.
Try using .loc[row_indexer,col_indexer] = value instead

See the caveats in the documentation: https://pandas.pydata.org/pandas-docs/stable/user_guide/indexing.html#returning-a-view-versus-a-copy
  data["user_engaged"] = data["user_engaged"].astype(bool).astype(int)
/Users/harshadakumbhare/Documents/GitHub/research_project/MAESTRO_v2/src/tools/analytics.py:176: SettingWithCopyWarning: 
A value is trying to be set on a copy of a slice from a DataFrame.
Try using .loc[row_indexer,col_indexer] = value instead

See the caveats in the documentation: https://pandas.pydata.org/pandas-docs/stable/user_guide/indexing.html#returning-a-view-versus-a-copy
  data["session_duration_seconds"] = data["session_duration_seconds"].astype(float)
/Users/harshadakumbhare/Documents/GitHub/research_project/MAESTRO_v2/src/tools/analytics.py:123: SettingWithCopyWarning: 
A value is trying to be set on a copy of a slice from a DataFrame.
Try using .loc[row_indexer,col_indexer] = value instead

See the caveats in the documentation: https://pandas.pydata.org/pandas-docs/stable/user_guide/indexing.html#returning-a-view-versus-a-copy
  data["user_engaged"] = data["user_engaged"].astype(bool).astype(int)
/Users/harshadakumbhare/Documents/GitHub/research_project/MAESTRO_v2/src/tools/analytics.py:123: SettingWithCopyWarning: 
A value is trying to be set on a copy of a slice from a DataFrame.
Try using .loc[row_indexer,col_indexer] = value instead

See the caveats in the documentation: https://pandas.pydata.org/pandas-docs/stable/user_guide/indexing.html#returning-a-view-versus-a-copy
  data["user_engaged"] = data["user_engaged"].astype(bool).astype(int)
/Users/harshadakumbhare/Documents/GitHub/research_project/MAESTRO_v2/src/tools/analytics.py:123: SettingWithCopyWarning: 
A value is trying to be set on a copy of a slice from a DataFrame.
Try using .loc[row_indexer,col_indexer] = value instead

See the caveats in the documentation: https://pandas.pydata.org/pandas-docs/stable/user_guide/indexing.html#returning-a-view-versus-a-copy
  data["user_engaged"] = data["user_engaged"].astype(bool).astype(int)
/Users/harshadakumbhare/Documents/GitHub/research_project/MAESTRO_v2/src/tools/analytics.py:123: SettingWithCopyWarning: 
A value is trying to be set on a copy of a slice from a DataFrame.
Try using .loc[row_indexer,col_indexer] = value instead

See the caveats in the documentation: https://pandas.pydata.org/pandas-docs/stable/user_guide/indexing.html#returning-a-view-versus-a-copy
  data["user_engaged"] = data["user_engaged"].astype(bool).astype(int)
/Users/harshadakumbhare/Documents/GitHub/research_project/MAESTRO_v2/src/tools/analytics.py:176: SettingWithCopyWarning: 
A value is trying to be set on a copy of a slice from a DataFrame.
Try using .loc[row_indexer,col_indexer] = value instead

See the caveats in the documentation: https://pandas.pydata.org/pandas-docs/stable/user_guide/indexing.html#returning-a-view-versus-a-copy
  data["session_duration_seconds"] = data["session_duration_seconds"].astype(float)
/Users/harshadakumbhare/Documents/GitHub/research_project/MAESTRO_v2/src/tools/analytics.py:176: SettingWithCopyWarning: 
A value is trying to be set on a copy of a slice from a DataFrame.
Try using .loc[row_indexer,col_indexer] = value instead

See the caveats in the documentation: https://pandas.pydata.org/pandas-docs/stable/user_guide/indexing.html#returning-a-view-versus-a-copy
  data["session_duration_seconds"] = data["session_duration_seconds"].astype(float)
/Users/harshadakumbhare/Documents/GitHub/research_project/MAESTRO_v2/src/tools/analytics.py:176: SettingWithCopyWarning: 
A value is trying to be set on a copy of a slice from a DataFrame.
Try using .loc[row_indexer,col_indexer] = value instead

See the caveats in the documentation: https://pandas.pydata.org/pandas-docs/stable/user_guide/indexing.html#returning-a-view-versus-a-copy
  data["session_duration_seconds"] = data["session_duration_seconds"].astype(float)
/Users/harshadakumbhare/Documents/GitHub/research_project/MAESTRO_v2/src/tools/analytics.py:176: SettingWithCopyWarning: 
A value is trying to be set on a copy of a slice from a DataFrame.
Try using .loc[row_indexer,col_indexer] = value instead

See the caveats in the documentation: https://pandas.pydata.org/pandas-docs/stable/user_guide/indexing.html#returning-a-view-versus-a-copy
  data["session_duration_seconds"] = data["session_duration_seconds"].astype(float)
/Users/harshadakumbhare/Documents/GitHub/research_project/MAESTRO_v2/src/tools/analytics.py:123: SettingWithCopyWarning: 
A value is trying to be set on a copy of a slice from a DataFrame.
Try using .loc[row_indexer,col_indexer] = value instead

See the caveats in the documentation: https://pandas.pydata.org/pandas-docs/stable/user_guide/indexing.html#returning-a-view-versus-a-copy
  data["user_engaged"] = data["user_engaged"].astype(bool).astype(int)
/Users/harshadakumbhare/Documents/GitHub/research_project/MAESTRO_v2/src/tools/analytics.py:123: SettingWithCopyWarning: 
A value is trying to be set on a copy of a slice from a DataFrame.
Try using .loc[row_indexer,col_indexer] = value instead

See the caveats in the documentation: https://pandas.pydata.org/pandas-docs/stable/user_guide/indexing.html#returning-a-view-versus-a-copy
  data["user_engaged"] = data["user_engaged"].astype(bool).astype(int)
/Users/harshadakumbhare/Documents/GitHub/research_project/MAESTRO_v2/src/tools/analytics.py:176: SettingWithCopyWarning: 
A value is trying to be set on a copy of a slice from a DataFrame.
Try using .loc[row_indexer,col_indexer] = value instead

See the caveats in the documentation: https://pandas.pydata.org/pandas-docs/stable/user_guide/indexing.html#returning-a-view-versus-a-copy
  data["session_duration_seconds"] = data["session_duration_seconds"].astype(float)
/Users/harshadakumbhare/Documents/GitHub/research_project/MAESTRO_v2/src/tools/analytics.py:176: SettingWithCopyWarning: 
A value is trying to be set on a copy of a slice from a DataFrame.
Try using .loc[row_indexer,col_indexer] = value instead

See the caveats in the documentation: https://pandas.pydata.org/pandas-docs/stable/user_guide/indexing.html#returning-a-view-versus-a-copy
  data["session_duration_seconds"] = data["session_duration_seconds"].astype(float)
/Users/harshadakumbhare/Documents/GitHub/research_project/MAESTRO_v2/src/tools/analytics.py:123: SettingWithCopyWarning: 
A value is trying to be set on a copy of a slice from a DataFrame.
Try using .loc[row_indexer,col_indexer] = value instead

See the caveats in the documentation: https://pandas.pydata.org/pandas-docs/stable/user_guide/indexing.html#returning-a-view-versus-a-copy
  data["user_engaged"] = data["user_engaged"].astype(bool).astype(int)
/Users/harshadakumbhare/Documents/GitHub/research_project/MAESTRO_v2/src/tools/analytics.py:123: SettingWithCopyWarning: 
A value is trying to be set on a copy of a slice from a DataFrame.
Try using .loc[row_indexer,col_indexer] = value instead

See the caveats in the documentation: https://pandas.pydata.org/pandas-docs/stable/user_guide/indexing.html#returning-a-view-versus-a-copy
  data["user_engaged"] = data["user_engaged"].astype(bool).astype(int)
/Users/harshadakumbhare/Documents/GitHub/research_project/MAESTRO_v2/src/tools/analytics.py:123: SettingWithCopyWarning: 
A value is trying to be set on a copy of a slice from a DataFrame.
Try using .loc[row_indexer,col_indexer] = value instead

See the caveats in the documentation: https://pandas.pydata.org/pandas-docs/stable/user_guide/indexing.html#returning-a-view-versus-a-copy
  data["user_engaged"] = data["user_engaged"].astype(bool).astype(int)
/Users/harshadakumbhare/Documents/GitHub/research_project/MAESTRO_v2/src/tools/analytics.py:123: SettingWithCopyWarning: 
A value is trying to be set on a copy of a slice from a DataFrame.
Try using .loc[row_indexer,col_indexer] = value instead

See the caveats in the documentation: https://pandas.pydata.org/pandas-docs/stable/user_guide/indexing.html#returning-a-view-versus-a-copy
  data["user_engaged"] = data["user_engaged"].astype(bool).astype(int)
/Users/harshadakumbhare/Documents/GitHub/research_project/MAESTRO_v2/src/tools/analytics.py:123: SettingWithCopyWarning: 
A value is trying to be set on a copy of a slice from a DataFrame.
Try using .loc[row_indexer,col_indexer] = value instead

See the caveats in the documentation: https://pandas.pydata.org/pandas-docs/stable/user_guide/indexing.html#returning-a-view-versus-a-copy
  data["user_engaged"] = data["user_engaged"].astype(bool).astype(int)
/Users/harshadakumbhare/Documents/GitHub/research_project/MAESTRO_v2/src/tools/analytics.py:123: SettingWithCopyWarning: 
A value is trying to be set on a copy of a slice from a DataFrame.
Try using .loc[row_indexer,col_indexer] = value instead

See the caveats in the documentation: https://pandas.pydata.org/pandas-docs/stable/user_guide/indexing.html#returning-a-view-versus-a-copy
  data["user_engaged"] = data["user_engaged"].astype(bool).astype(int)
/Users/harshadakumbhare/Documents/GitHub/research_project/MAESTRO_v2/src/tools/analytics.py:123: SettingWithCopyWarning: 
A value is trying to be set on a copy of a slice from a DataFrame.
Try using .loc[row_indexer,col_indexer] = value instead

See the caveats in the documentation: https://pandas.pydata.org/pandas-docs/stable/user_guide/indexing.html#returning-a-view-versus-a-copy
  data["user_engaged"] = data["user_engaged"].astype(bool).astype(int)
/Users/harshadakumbhare/Documents/GitHub/research_project/MAESTRO_v2/src/tools/analytics.py:123: SettingWithCopyWarning: 
A value is trying to be set on a copy of a slice from a DataFrame.
Try using .loc[row_indexer,col_indexer] = value instead

See the caveats in the documentation: https://pandas.pydata.org/pandas-docs/stable/user_guide/indexing.html#returning-a-view-versus-a-copy
  data["user_engaged"] = data["user_engaged"].astype(bool).astype(int)
/Users/harshadakumbhare/Documents/GitHub/research_project/MAESTRO_v2/src/tools/analytics.py:123: SettingWithCopyWarning: 
A value is trying to be set on a copy of a slice from a DataFrame.
Try using .loc[row_indexer,col_indexer] = value instead

See the caveats in the documentation: https://pandas.pydata.org/pandas-docs/stable/user_guide/indexing.html#returning-a-view-versus-a-copy
  data["user_engaged"] = data["user_engaged"].astype(bool).astype(int)
/Users/harshadakumbhare/Documents/GitHub/research_project/MAESTRO_v2/src/tools/analytics.py:123: SettingWithCopyWarning: 
A value is trying to be set on a copy of a slice from a DataFrame.
Try using .loc[row_indexer,col_indexer] = value instead

See the caveats in the documentation: https://pandas.pydata.org/pandas-docs/stable/user_guide/indexing.html#returning-a-view-versus-a-copy
  data["user_engaged"] = data["user_engaged"].astype(bool).astype(int)
/Users/harshadakumbhare/Documents/GitHub/research_project/MAESTRO_v2/src/tools/analytics.py:123: SettingWithCopyWarning: 
A value is trying to be set on a copy of a slice from a DataFrame.
Try using .loc[row_indexer,col_indexer] = value instead

See the caveats in the documentation: https://pandas.pydata.org/pandas-docs/stable/user_guide/indexing.html#returning-a-view-versus-a-copy
  data["user_engaged"] = data["user_engaged"].astype(bool).astype(int)
/Users/harshadakumbhare/Documents/GitHub/research_project/MAESTRO_v2/src/tools/analytics.py:123: SettingWithCopyWarning: 
A value is trying to be set on a copy of a slice from a DataFrame.
Try using .loc[row_indexer,col_indexer] = value instead

See the caveats in the documentation: https://pandas.pydata.org/pandas-docs/stable/user_guide/indexing.html#returning-a-view-versus-a-copy
  data["user_engaged"] = data["user_engaged"].astype(bool).astype(int)
/Users/harshadakumbhare/Documents/GitHub/research_project/MAESTRO_v2/src/tools/analytics.py:123: SettingWithCopyWarning: 
A value is trying to be set on a copy of a slice from a DataFrame.
Try using .loc[row_indexer,col_indexer] = value instead

See the caveats in the documentation: https://pandas.pydata.org/pandas-docs/stable/user_guide/indexing.html#returning-a-view-versus-a-copy
  data["user_engaged"] = data["user_engaged"].astype(bool).astype(int)
/Users/harshadakumbhare/Documents/GitHub/research_project/MAESTRO_v2/src/tools/analytics.py:123: SettingWithCopyWarning: 
A value is trying to be set on a copy of a slice from a DataFrame.
Try using .loc[row_indexer,col_indexer] = value instead

See the caveats in the documentation: https://pandas.pydata.org/pandas-docs/stable/user_guide/indexing.html#returning-a-view-versus-a-copy
  data["user_engaged"] = data["user_engaged"].astype(bool).astype(int)
/Users/harshadakumbhare/Documents/GitHub/research_project/MAESTRO_v2/src/tools/analytics.py:123: SettingWithCopyWarning: 
A value is trying to be set on a copy of a slice from a DataFrame.
Try using .loc[row_indexer,col_indexer] = value instead

See the caveats in the documentation: https://pandas.pydata.org/pandas-docs/stable/user_guide/indexing.html#returning-a-view-versus-a-copy
  data["user_engaged"] = data["user_engaged"].astype(bool).astype(int)
/Users/harshadakumbhare/Documents/GitHub/research_project/MAESTRO_v2/src/tools/analytics.py:123: SettingWithCopyWarning: 
A value is trying to be set on a copy of a slice from a DataFrame.
Try using .loc[row_indexer,col_indexer] = value instead

See the caveats in the documentation: https://pandas.pydata.org/pandas-docs/stable/user_guide/indexing.html#returning-a-view-versus-a-copy
  data["user_engaged"] = data["user_engaged"].astype(bool).astype(int)
/Users/harshadakumbhare/Documents/GitHub/research_project/MAESTRO_v2/src/tools/analytics.py:123: SettingWithCopyWarning: 
A value is trying to be set on a copy of a slice from a DataFrame.
Try using .loc[row_indexer,col_indexer] = value instead

See the caveats in the documentation: https://pandas.pydata.org/pandas-docs/stable/user_guide/indexing.html#returning-a-view-versus-a-copy
  data["user_engaged"] = data["user_engaged"].astype(bool).astype(int)
/Users/harshadakumbhare/Documents/GitHub/research_project/MAESTRO_v2/src/tools/analytics.py:123: SettingWithCopyWarning: 
A value is trying to be set on a copy of a slice from a DataFrame.
Try using .loc[row_indexer,col_indexer] = value instead

See the caveats in the documentation: https://pandas.pydata.org/pandas-docs/stable/user_guide/indexing.html#returning-a-view-versus-a-copy
  data["user_engaged"] = data["user_engaged"].astype(bool).astype(int)
/Users/harshadakumbhare/Documents/GitHub/research_project/MAESTRO_v2/src/tools/analytics.py:176: SettingWithCopyWarning: 
A value is trying to be set on a copy of a slice from a DataFrame.
Try using .loc[row_indexer,col_indexer] = value instead

See the caveats in the documentation: https://pandas.pydata.org/pandas-docs/stable/user_guide/indexing.html#returning-a-view-versus-a-copy
  data["session_duration_seconds"] = data["session_duration_seconds"].astype(float)
/Users/harshadakumbhare/Documents/GitHub/research_project/MAESTRO_v2/src/tools/analytics.py:176: SettingWithCopyWarning: 
A value is trying to be set on a copy of a slice from a DataFrame.
Try using .loc[row_indexer,col_indexer] = value instead

See the caveats in the documentation: https://pandas.pydata.org/pandas-docs/stable/user_guide/indexing.html#returning-a-view-versus-a-copy
  data["session_duration_seconds"] = data["session_duration_seconds"].astype(float)
/Users/harshadakumbhare/Documents/GitHub/research_project/MAESTRO_v2/src/tools/analytics.py:123: SettingWithCopyWarning: 
A value is trying to be set on a copy of a slice from a DataFrame.
Try using .loc[row_indexer,col_indexer] = value instead

See the caveats in the documentation: https://pandas.pydata.org/pandas-docs/stable/user_guide/indexing.html#returning-a-view-versus-a-copy
  data["user_engaged"] = data["user_engaged"].astype(bool).astype(int)
/Users/harshadakumbhare/Documents/GitHub/research_project/MAESTRO_v2/src/tools/analytics.py:123: SettingWithCopyWarning: 
A value is trying to be set on a copy of a slice from a DataFrame.
Try using .loc[row_indexer,col_indexer] = value instead

See the caveats in the documentation: https://pandas.pydata.org/pandas-docs/stable/user_guide/indexing.html#returning-a-view-versus-a-copy
  data["user_engaged"] = data["user_engaged"].astype(bool).astype(int)
/Users/harshadakumbhare/Documents/GitHub/research_project/MAESTRO_v2/src/tools/analytics.py:123: SettingWithCopyWarning: 
A value is trying to be set on a copy of a slice from a DataFrame.
Try using .loc[row_indexer,col_indexer] = value instead

See the caveats in the documentation: https://pandas.pydata.org/pandas-docs/stable/user_guide/indexing.html#returning-a-view-versus-a-copy
  data["user_engaged"] = data["user_engaged"].astype(bool).astype(int)
/Users/harshadakumbhare/Documents/GitHub/research_project/MAESTRO_v2/src/tools/analytics.py:123: SettingWithCopyWarning: 
A value is trying to be set on a copy of a slice from a DataFrame.
Try using .loc[row_indexer,col_indexer] = value instead

See the caveats in the documentation: https://pandas.pydata.org/pandas-docs/stable/user_guide/indexing.html#returning-a-view-versus-a-copy
  data["user_engaged"] = data["user_engaged"].astype(bool).astype(int)
/Users/harshadakumbhare/Documents/GitHub/research_project/MAESTRO_v2/src/tools/analytics.py:123: SettingWithCopyWarning: 
A value is trying to be set on a copy of a slice from a DataFrame.
Try using .loc[row_indexer,col_indexer] = value instead

See the caveats in the documentation: https://pandas.pydata.org/pandas-docs/stable/user_guide/indexing.html#returning-a-view-versus-a-copy
  data["user_engaged"] = data["user_engaged"].astype(bool).astype(int)
/Users/harshadakumbhare/Documents/GitHub/research_project/MAESTRO_v2/src/tools/analytics.py:123: SettingWithCopyWarning: 
A value is trying to be set on a copy of a slice from a DataFrame.
Try using .loc[row_indexer,col_indexer] = value instead

See the caveats in the documentation: https://pandas.pydata.org/pandas-docs/stable/user_guide/indexing.html#returning-a-view-versus-a-copy
  data["user_engaged"] = data["user_engaged"].astype(bool).astype(int)
/Users/harshadakumbhare/Documents/GitHub/research_project/MAESTRO_v2/src/tools/analytics.py:123: SettingWithCopyWarning: 
A value is trying to be set on a copy of a slice from a DataFrame.
Try using .loc[row_indexer,col_indexer] = value instead

See the caveats in the documentation: https://pandas.pydata.org/pandas-docs/stable/user_guide/indexing.html#returning-a-view-versus-a-copy
  data["user_engaged"] = data["user_engaged"].astype(bool).astype(int)
/Users/harshadakumbhare/Documents/GitHub/research_project/MAESTRO_v2/src/tools/analytics.py:123: SettingWithCopyWarning: 
A value is trying to be set on a copy of a slice from a DataFrame.
Try using .loc[row_indexer,col_indexer] = value instead

See the caveats in the documentation: https://pandas.pydata.org/pandas-docs/stable/user_guide/indexing.html#returning-a-view-versus-a-copy
  data["user_engaged"] = data["user_engaged"].astype(bool).astype(int)
/Users/harshadakumbhare/Documents/GitHub/research_project/MAESTRO_v2/src/tools/analytics.py:123: SettingWithCopyWarning: 
A value is trying to be set on a copy of a slice from a DataFrame.
Try using .loc[row_indexer,col_indexer] = value instead

See the caveats in the documentation: https://pandas.pydata.org/pandas-docs/stable/user_guide/indexing.html#returning-a-view-versus-a-copy
  data["user_engaged"] = data["user_engaged"].astype(bool).astype(int)
/Users/harshadakumbhare/Documents/GitHub/research_project/MAESTRO_v2/src/tools/analytics.py:123: SettingWithCopyWarning: 
A value is trying to be set on a copy of a slice from a DataFrame.
Try using .loc[row_indexer,col_indexer] = value instead

See the caveats in the documentation: https://pandas.pydata.org/pandas-docs/stable/user_guide/indexing.html#returning-a-view-versus-a-copy
  data["user_engaged"] = data["user_engaged"].astype(bool).astype(int)
/Users/harshadakumbhare/Documents/GitHub/research_project/MAESTRO_v2/src/tools/analytics.py:176: SettingWithCopyWarning: 
A value is trying to be set on a copy of a slice from a DataFrame.
Try using .loc[row_indexer,col_indexer] = value instead

See the caveats in the documentation: https://pandas.pydata.org/pandas-docs/stable/user_guide/indexing.html#returning-a-view-versus-a-copy
  data["session_duration_seconds"] = data["session_duration_seconds"].astype(float)
/Users/harshadakumbhare/Documents/GitHub/research_project/MAESTRO_v2/src/tools/analytics.py:176: SettingWithCopyWarning: 
A value is trying to be set on a copy of a slice from a DataFrame.
Try using .loc[row_indexer,col_indexer] = value instead

See the caveats in the documentation: https://pandas.pydata.org/pandas-docs/stable/user_guide/indexing.html#returning-a-view-versus-a-copy
  data["session_duration_seconds"] = data["session_duration_seconds"].astype(float)
/Users/harshadakumbhare/Documents/GitHub/research_project/MAESTRO_v2/src/tools/analytics.py:176: SettingWithCopyWarning: 
A value is trying to be set on a copy of a slice from a DataFrame.
Try using .loc[row_indexer,col_indexer] = value instead

See the caveats in the documentation: https://pandas.pydata.org/pandas-docs/stable/user_guide/indexing.html#returning-a-view-versus-a-copy
  data["session_duration_seconds"] = data["session_duration_seconds"].astype(float)
/Users/harshadakumbhare/Documents/GitHub/research_project/MAESTRO_v2/src/tools/analytics.py:176: SettingWithCopyWarning: 
A value is trying to be set on a copy of a slice from a DataFrame.
Try using .loc[row_indexer,col_indexer] = value instead

See the caveats in the documentation: https://pandas.pydata.org/pandas-docs/stable/user_guide/indexing.html#returning-a-view-versus-a-copy
  data["session_duration_seconds"] = data["session_duration_seconds"].astype(float)
/Users/harshadakumbhare/Documents/GitHub/research_project/MAESTRO_v2/src/tools/analytics.py:123: SettingWithCopyWarning: 
A value is trying to be set on a copy of a slice from a DataFrame.
Try using .loc[row_indexer,col_indexer] = value instead

See the caveats in the documentation: https://pandas.pydata.org/pandas-docs/stable/user_guide/indexing.html#returning-a-view-versus-a-copy
  data["user_engaged"] = data["user_engaged"].astype(bool).astype(int)
/Users/harshadakumbhare/Documents/GitHub/research_project/MAESTRO_v2/src/tools/analytics.py:176: SettingWithCopyWarning: 
A value is trying to be set on a copy of a slice from a DataFrame.
Try using .loc[row_indexer,col_indexer] = value instead

See the caveats in the documentation: https://pandas.pydata.org/pandas-docs/stable/user_guide/indexing.html#returning-a-view-versus-a-copy
  data["session_duration_seconds"] = data["session_duration_seconds"].astype(float)
/Users/harshadakumbhare/Documents/GitHub/research_project/MAESTRO_v2/src/tools/analytics.py:123: SettingWithCopyWarning: 
A value is trying to be set on a copy of a slice from a DataFrame.
Try using .loc[row_indexer,col_indexer] = value instead

See the caveats in the documentation: https://pandas.pydata.org/pandas-docs/stable/user_guide/indexing.html#returning-a-view-versus-a-copy
  data["user_engaged"] = data["user_engaged"].astype(bool).astype(int)
/Users/harshadakumbhare/Documents/GitHub/research_project/MAESTRO_v2/src/tools/analytics.py:176: SettingWithCopyWarning: 
A value is trying to be set on a copy of a slice from a DataFrame.
Try using .loc[row_indexer,col_indexer] = value instead

See the caveats in the documentation: https://pandas.pydata.org/pandas-docs/stable/user_guide/indexing.html#returning-a-view-versus-a-copy
  data["session_duration_seconds"] = data["session_duration_seconds"].astype(float)
/Users/harshadakumbhare/Documents/GitHub/research_project/MAESTRO_v2/src/tools/analytics.py:123: SettingWithCopyWarning: 
A value is trying to be set on a copy of a slice from a DataFrame.
Try using .loc[row_indexer,col_indexer] = value instead

See the caveats in the documentation: https://pandas.pydata.org/pandas-docs/stable/user_guide/indexing.html#returning-a-view-versus-a-copy
  data["user_engaged"] = data["user_engaged"].astype(bool).astype(int)
/Users/harshadakumbhare/Documents/GitHub/research_project/MAESTRO_v2/src/tools/analytics.py:123: SettingWithCopyWarning: 
A value is trying to be set on a copy of a slice from a DataFrame.
Try using .loc[row_indexer,col_indexer] = value instead

See the caveats in the documentation: https://pandas.pydata.org/pandas-docs/stable/user_guide/indexing.html#returning-a-view-versus-a-copy
  data["user_engaged"] = data["user_engaged"].astype(bool).astype(int)
/Users/harshadakumbhare/Documents/GitHub/research_project/MAESTRO_v2/src/tools/analytics.py:123: SettingWithCopyWarning: 
A value is trying to be set on a copy of a slice from a DataFrame.
Try using .loc[row_indexer,col_indexer] = value instead

See the caveats in the documentation: https://pandas.pydata.org/pandas-docs/stable/user_guide/indexing.html#returning-a-view-versus-a-copy
  data["user_engaged"] = data["user_engaged"].astype(bool).astype(int)
/Users/harshadakumbhare/Documents/GitHub/research_project/MAESTRO_v2/src/tools/analytics.py:123: SettingWithCopyWarning: 
A value is trying to be set on a copy of a slice from a DataFrame.
Try using .loc[row_indexer,col_indexer] = value instead

See the caveats in the documentation: https://pandas.pydata.org/pandas-docs/stable/user_guide/indexing.html#returning-a-view-versus-a-copy
  data["user_engaged"] = data["user_engaged"].astype(bool).astype(int)
/Users/harshadakumbhare/Documents/GitHub/research_project/MAESTRO_v2/src/tools/analytics.py:176: SettingWithCopyWarning: 
A value is trying to be set on a copy of a slice from a DataFrame.
Try using .loc[row_indexer,col_indexer] = value instead

See the caveats in the documentation: https://pandas.pydata.org/pandas-docs/stable/user_guide/indexing.html#returning-a-view-versus-a-copy
  data["session_duration_seconds"] = data["session_duration_seconds"].astype(float)
/Users/harshadakumbhare/Documents/GitHub/research_project/MAESTRO_v2/src/tools/analytics.py:123: SettingWithCopyWarning: 
A value is trying to be set on a copy of a slice from a DataFrame.
Try using .loc[row_indexer,col_indexer] = value instead

See the caveats in the documentation: https://pandas.pydata.org/pandas-docs/stable/user_guide/indexing.html#returning-a-view-versus-a-copy
  data["user_engaged"] = data["user_engaged"].astype(bool).astype(int)
/Users/harshadakumbhare/Documents/GitHub/research_project/MAESTRO_v2/src/tools/analytics.py:176: SettingWithCopyWarning: 
A value is trying to be set on a copy of a slice from a DataFrame.
Try using .loc[row_indexer,col_indexer] = value instead

See the caveats in the documentation: https://pandas.pydata.org/pandas-docs/stable/user_guide/indexing.html#returning-a-view-versus-a-copy
  data["session_duration_seconds"] = data["session_duration_seconds"].astype(float)
/Users/harshadakumbhare/Documents/GitHub/research_project/MAESTRO_v2/src/tools/analytics.py:176: SettingWithCopyWarning: 
A value is trying to be set on a copy of a slice from a DataFrame.
Try using .loc[row_indexer,col_indexer] = value instead

See the caveats in the documentation: https://pandas.pydata.org/pandas-docs/stable/user_guide/indexing.html#returning-a-view-versus-a-copy
  data["session_duration_seconds"] = data["session_duration_seconds"].astype(float)
/Users/harshadakumbhare/Documents/GitHub/research_project/MAESTRO_v2/src/tools/analytics.py:123: SettingWithCopyWarning: 
A value is trying to be set on a copy of a slice from a DataFrame.
Try using .loc[row_indexer,col_indexer] = value instead

See the caveats in the documentation: https://pandas.pydata.org/pandas-docs/stable/user_guide/indexing.html#returning-a-view-versus-a-copy
  data["user_engaged"] = data["user_engaged"].astype(bool).astype(int)
/Users/harshadakumbhare/Documents/GitHub/research_project/MAESTRO_v2/src/tools/analytics.py:123: SettingWithCopyWarning: 
A value is trying to be set on a copy of a slice from a DataFrame.
Try using .loc[row_indexer,col_indexer] = value instead

See the caveats in the documentation: https://pandas.pydata.org/pandas-docs/stable/user_guide/indexing.html#returning-a-view-versus-a-copy
  data["user_engaged"] = data["user_engaged"].astype(bool).astype(int)
/Users/harshadakumbhare/Documents/GitHub/research_project/MAESTRO_v2/src/tools/analytics.py:123: SettingWithCopyWarning: 
A value is trying to be set on a copy of a slice from a DataFrame.
Try using .loc[row_indexer,col_indexer] = value instead

See the caveats in the documentation: https://pandas.pydata.org/pandas-docs/stable/user_guide/indexing.html#returning-a-view-versus-a-copy
  data["user_engaged"] = data["user_engaged"].astype(bool).astype(int)
/Users/harshadakumbhare/Documents/GitHub/research_project/MAESTRO_v2/src/tools/analytics.py:123: SettingWithCopyWarning: 
A value is trying to be set on a copy of a slice from a DataFrame.
Try using .loc[row_indexer,col_indexer] = value instead

See the caveats in the documentation: https://pandas.pydata.org/pandas-docs/stable/user_guide/indexing.html#returning-a-view-versus-a-copy
  data["user_engaged"] = data["user_engaged"].astype(bool).astype(int)
/Users/harshadakumbhare/Documents/GitHub/research_project/MAESTRO_v2/src/tools/analytics.py:176: SettingWithCopyWarning: 
A value is trying to be set on a copy of a slice from a DataFrame.
Try using .loc[row_indexer,col_indexer] = value instead

See the caveats in the documentation: https://pandas.pydata.org/pandas-docs/stable/user_guide/indexing.html#returning-a-view-versus-a-copy
  data["session_duration_seconds"] = data["session_duration_seconds"].astype(float)
/Users/harshadakumbhare/Documents/GitHub/research_project/MAESTRO_v2/src/tools/analytics.py:176: SettingWithCopyWarning: 
A value is trying to be set on a copy of a slice from a DataFrame.
Try using .loc[row_indexer,col_indexer] = value instead

See the caveats in the documentation: https://pandas.pydata.org/pandas-docs/stable/user_guide/indexing.html#returning-a-view-versus-a-copy
  data["session_duration_seconds"] = data["session_duration_seconds"].astype(float)
/Users/harshadakumbhare/Documents/GitHub/research_project/MAESTRO_v2/src/tools/analytics.py:123: SettingWithCopyWarning: 
A value is trying to be set on a copy of a slice from a DataFrame.
Try using .loc[row_indexer,col_indexer] = value instead

See the caveats in the documentation: https://pandas.pydata.org/pandas-docs/stable/user_guide/indexing.html#returning-a-view-versus-a-copy
  data["user_engaged"] = data["user_engaged"].astype(bool).astype(int)
/Users/harshadakumbhare/Documents/GitHub/research_project/MAESTRO_v2/src/tools/analytics.py:176: SettingWithCopyWarning: 
A value is trying to be set on a copy of a slice from a DataFrame.
Try using .loc[row_indexer,col_indexer] = value instead

See the caveats in the documentation: https://pandas.pydata.org/pandas-docs/stable/user_guide/indexing.html#returning-a-view-versus-a-copy
  data["session_duration_seconds"] = data["session_duration_seconds"].astype(float)
/Users/harshadakumbhare/Documents/GitHub/research_project/MAESTRO_v2/src/tools/analytics.py:176: SettingWithCopyWarning: 
A value is trying to be set on a copy of a slice from a DataFrame.
Try using .loc[row_indexer,col_indexer] = value instead

See the caveats in the documentation: https://pandas.pydata.org/pandas-docs/stable/user_guide/indexing.html#returning-a-view-versus-a-copy
  data["session_duration_seconds"] = data["session_duration_seconds"].astype(float)
/Users/harshadakumbhare/Documents/GitHub/research_project/MAESTRO_v2/src/tools/analytics.py:123: SettingWithCopyWarning: 
A value is trying to be set on a copy of a slice from a DataFrame.
Try using .loc[row_indexer,col_indexer] = value instead

See the caveats in the documentation: https://pandas.pydata.org/pandas-docs/stable/user_guide/indexing.html#returning-a-view-versus-a-copy
  data["user_engaged"] = data["user_engaged"].astype(bool).astype(int)
/Users/harshadakumbhare/Documents/GitHub/research_project/MAESTRO_v2/src/tools/analytics.py:123: SettingWithCopyWarning: 
A value is trying to be set on a copy of a slice from a DataFrame.
Try using .loc[row_indexer,col_indexer] = value instead

See the caveats in the documentation: https://pandas.pydata.org/pandas-docs/stable/user_guide/indexing.html#returning-a-view-versus-a-copy
  data["user_engaged"] = data["user_engaged"].astype(bool).astype(int)
/Users/harshadakumbhare/Documents/GitHub/research_project/MAESTRO_v2/src/tools/analytics.py:123: SettingWithCopyWarning: 
A value is trying to be set on a copy of a slice from a DataFrame.
Try using .loc[row_indexer,col_indexer] = value instead

See the caveats in the documentation: https://pandas.pydata.org/pandas-docs/stable/user_guide/indexing.html#returning-a-view-versus-a-copy
  data["user_engaged"] = data["user_engaged"].astype(bool).astype(int)
/Users/harshadakumbhare/Documents/GitHub/research_project/MAESTRO_v2/src/tools/analytics.py:123: SettingWithCopyWarning: 
A value is trying to be set on a copy of a slice from a DataFrame.
Try using .loc[row_indexer,col_indexer] = value instead

See the caveats in the documentation: https://pandas.pydata.org/pandas-docs/stable/user_guide/indexing.html#returning-a-view-versus-a-copy
  data["user_engaged"] = data["user_engaged"].astype(bool).astype(int)
/Users/harshadakumbhare/Documents/GitHub/research_project/MAESTRO_v2/src/tools/analytics.py:176: SettingWithCopyWarning: 
A value is trying to be set on a copy of a slice from a DataFrame.
Try using .loc[row_indexer,col_indexer] = value instead

See the caveats in the documentation: https://pandas.pydata.org/pandas-docs/stable/user_guide/indexing.html#returning-a-view-versus-a-copy
  data["session_duration_seconds"] = data["session_duration_seconds"].astype(float)
/Users/harshadakumbhare/Documents/GitHub/research_project/MAESTRO_v2/src/tools/analytics.py:176: SettingWithCopyWarning: 
A value is trying to be set on a copy of a slice from a DataFrame.
Try using .loc[row_indexer,col_indexer] = value instead

See the caveats in the documentation: https://pandas.pydata.org/pandas-docs/stable/user_guide/indexing.html#returning-a-view-versus-a-copy
  data["session_duration_seconds"] = data["session_duration_seconds"].astype(float)
/Users/harshadakumbhare/Documents/GitHub/research_project/MAESTRO_v2/src/tools/analytics.py:123: SettingWithCopyWarning: 
A value is trying to be set on a copy of a slice from a DataFrame.
Try using .loc[row_indexer,col_indexer] = value instead

See the caveats in the documentation: https://pandas.pydata.org/pandas-docs/stable/user_guide/indexing.html#returning-a-view-versus-a-copy
  data["user_engaged"] = data["user_engaged"].astype(bool).astype(int)
/Users/harshadakumbhare/Documents/GitHub/research_project/MAESTRO_v2/src/tools/analytics.py:123: SettingWithCopyWarning: 
A value is trying to be set on a copy of a slice from a DataFrame.
Try using .loc[row_indexer,col_indexer] = value instead

See the caveats in the documentation: https://pandas.pydata.org/pandas-docs/stable/user_guide/indexing.html#returning-a-view-versus-a-copy
  data["user_engaged"] = data["user_engaged"].astype(bool).astype(int)
/Users/harshadakumbhare/Documents/GitHub/research_project/MAESTRO_v2/src/tools/analytics.py:123: SettingWithCopyWarning: 
A value is trying to be set on a copy of a slice from a DataFrame.
Try using .loc[row_indexer,col_indexer] = value instead

See the caveats in the documentation: https://pandas.pydata.org/pandas-docs/stable/user_guide/indexing.html#returning-a-view-versus-a-copy
  data["user_engaged"] = data["user_engaged"].astype(bool).astype(int)
/Users/harshadakumbhare/Documents/GitHub/research_project/MAESTRO_v2/src/tools/analytics.py:176: SettingWithCopyWarning: 
A value is trying to be set on a copy of a slice from a DataFrame.
Try using .loc[row_indexer,col_indexer] = value instead

See the caveats in the documentation: https://pandas.pydata.org/pandas-docs/stable/user_guide/indexing.html#returning-a-view-versus-a-copy
  data["session_duration_seconds"] = data["session_duration_seconds"].astype(float)
/Users/harshadakumbhare/Documents/GitHub/research_project/MAESTRO_v2/src/tools/analytics.py:123: SettingWithCopyWarning: 
A value is trying to be set on a copy of a slice from a DataFrame.
Try using .loc[row_indexer,col_indexer] = value instead

See the caveats in the documentation: https://pandas.pydata.org/pandas-docs/stable/user_guide/indexing.html#returning-a-view-versus-a-copy
  data["user_engaged"] = data["user_engaged"].astype(bool).astype(int)
/Users/harshadakumbhare/Documents/GitHub/research_project/MAESTRO_v2/src/tools/analytics.py:123: SettingWithCopyWarning: 
A value is trying to be set on a copy of a slice from a DataFrame.
Try using .loc[row_indexer,col_indexer] = value instead

See the caveats in the documentation: https://pandas.pydata.org/pandas-docs/stable/user_guide/indexing.html#returning-a-view-versus-a-copy
  data["user_engaged"] = data["user_engaged"].astype(bool).astype(int)
/Users/harshadakumbhare/Documents/GitHub/research_project/MAESTRO_v2/src/tools/analytics.py:123: SettingWithCopyWarning: 
A value is trying to be set on a copy of a slice from a DataFrame.
Try using .loc[row_indexer,col_indexer] = value instead

See the caveats in the documentation: https://pandas.pydata.org/pandas-docs/stable/user_guide/indexing.html#returning-a-view-versus-a-copy
  data["user_engaged"] = data["user_engaged"].astype(bool).astype(int)
/Users/harshadakumbhare/Documents/GitHub/research_project/MAESTRO_v2/src/tools/analytics.py:176: SettingWithCopyWarning: 
A value is trying to be set on a copy of a slice from a DataFrame.
Try using .loc[row_indexer,col_indexer] = value instead

See the caveats in the documentation: https://pandas.pydata.org/pandas-docs/stable/user_guide/indexing.html#returning-a-view-versus-a-copy
  data["session_duration_seconds"] = data["session_duration_seconds"].astype(float)
/Users/harshadakumbhare/Documents/GitHub/research_project/MAESTRO_v2/src/tools/analytics.py:176: SettingWithCopyWarning: 
A value is trying to be set on a copy of a slice from a DataFrame.
Try using .loc[row_indexer,col_indexer] = value instead

See the caveats in the documentation: https://pandas.pydata.org/pandas-docs/stable/user_guide/indexing.html#returning-a-view-versus-a-copy
  data["session_duration_seconds"] = data["session_duration_seconds"].astype(float)
/Users/harshadakumbhare/Documents/GitHub/research_project/MAESTRO_v2/src/tools/analytics.py:123: SettingWithCopyWarning: 
A value is trying to be set on a copy of a slice from a DataFrame.
Try using .loc[row_indexer,col_indexer] = value instead

See the caveats in the documentation: https://pandas.pydata.org/pandas-docs/stable/user_guide/indexing.html#returning-a-view-versus-a-copy
  data["user_engaged"] = data["user_engaged"].astype(bool).astype(int)
/Users/harshadakumbhare/Documents/GitHub/research_project/MAESTRO_v2/src/tools/analytics.py:123: SettingWithCopyWarning: 
A value is trying to be set on a copy of a slice from a DataFrame.
Try using .loc[row_indexer,col_indexer] = value instead

See the caveats in the documentation: https://pandas.pydata.org/pandas-docs/stable/user_guide/indexing.html#returning-a-view-versus-a-copy
  data["user_engaged"] = data["user_engaged"].astype(bool).astype(int)
/Users/harshadakumbhare/Documents/GitHub/research_project/MAESTRO_v2/src/tools/analytics.py:123: SettingWithCopyWarning: 
A value is trying to be set on a copy of a slice from a DataFrame.
Try using .loc[row_indexer,col_indexer] = value instead

See the caveats in the documentation: https://pandas.pydata.org/pandas-docs/stable/user_guide/indexing.html#returning-a-view-versus-a-copy
  data["user_engaged"] = data["user_engaged"].astype(bool).astype(int)
/Users/harshadakumbhare/Documents/GitHub/research_project/MAESTRO_v2/src/tools/analytics.py:176: SettingWithCopyWarning: 
A value is trying to be set on a copy of a slice from a DataFrame.
Try using .loc[row_indexer,col_indexer] = value instead

See the caveats in the documentation: https://pandas.pydata.org/pandas-docs/stable/user_guide/indexing.html#returning-a-view-versus-a-copy
  data["session_duration_seconds"] = data["session_duration_seconds"].astype(float)
/Users/harshadakumbhare/Documents/GitHub/research_project/MAESTRO_v2/src/tools/analytics.py:123: SettingWithCopyWarning: 
A value is trying to be set on a copy of a slice from a DataFrame.
Try using .loc[row_indexer,col_indexer] = value instead

See the caveats in the documentation: https://pandas.pydata.org/pandas-docs/stable/user_guide/indexing.html#returning-a-view-versus-a-copy
  data["user_engaged"] = data["user_engaged"].astype(bool).astype(int)
/Users/harshadakumbhare/Documents/GitHub/research_project/MAESTRO_v2/src/tools/analytics.py:123: SettingWithCopyWarning: 
A value is trying to be set on a copy of a slice from a DataFrame.
Try using .loc[row_indexer,col_indexer] = value instead

See the caveats in the documentation: https://pandas.pydata.org/pandas-docs/stable/user_guide/indexing.html#returning-a-view-versus-a-copy
  data["user_engaged"] = data["user_engaged"].astype(bool).astype(int)
/Users/harshadakumbhare/Documents/GitHub/research_project/MAESTRO_v2/src/tools/analytics.py:176: SettingWithCopyWarning: 
A value is trying to be set on a copy of a slice from a DataFrame.
Try using .loc[row_indexer,col_indexer] = value instead

See the caveats in the documentation: https://pandas.pydata.org/pandas-docs/stable/user_guide/indexing.html#returning-a-view-versus-a-copy
  data["session_duration_seconds"] = data["session_duration_seconds"].astype(float)
/Users/harshadakumbhare/Documents/GitHub/research_project/MAESTRO_v2/src/tools/analytics.py:176: SettingWithCopyWarning: 
A value is trying to be set on a copy of a slice from a DataFrame.
Try using .loc[row_indexer,col_indexer] = value instead

See the caveats in the documentation: https://pandas.pydata.org/pandas-docs/stable/user_guide/indexing.html#returning-a-view-versus-a-copy
  data["session_duration_seconds"] = data["session_duration_seconds"].astype(float)
/Users/harshadakumbhare/Documents/GitHub/research_project/MAESTRO_v2/src/tools/analytics.py:123: SettingWithCopyWarning: 
A value is trying to be set on a copy of a slice from a DataFrame.
Try using .loc[row_indexer,col_indexer] = value instead

See the caveats in the documentation: https://pandas.pydata.org/pandas-docs/stable/user_guide/indexing.html#returning-a-view-versus-a-copy
  data["user_engaged"] = data["user_engaged"].astype(bool).astype(int)
/Users/harshadakumbhare/Documents/GitHub/research_project/MAESTRO_v2/src/tools/analytics.py:176: SettingWithCopyWarning: 
A value is trying to be set on a copy of a slice from a DataFrame.
Try using .loc[row_indexer,col_indexer] = value instead

See the caveats in the documentation: https://pandas.pydata.org/pandas-docs/stable/user_guide/indexing.html#returning-a-view-versus-a-copy
  data["session_duration_seconds"] = data["session_duration_seconds"].astype(float)
/Users/harshadakumbhare/Documents/GitHub/research_project/MAESTRO_v2/src/tools/analytics.py:123: SettingWithCopyWarning: 
A value is trying to be set on a copy of a slice from a DataFrame.
Try using .loc[row_indexer,col_indexer] = value instead

See the caveats in the documentation: https://pandas.pydata.org/pandas-docs/stable/user_guide/indexing.html#returning-a-view-versus-a-copy
  data["user_engaged"] = data["user_engaged"].astype(bool).astype(int)
/Users/harshadakumbhare/Documents/GitHub/research_project/MAESTRO_v2/src/tools/analytics.py:176: SettingWithCopyWarning: 
A value is trying to be set on a copy of a slice from a DataFrame.
Try using .loc[row_indexer,col_indexer] = value instead

See the caveats in the documentation: https://pandas.pydata.org/pandas-docs/stable/user_guide/indexing.html#returning-a-view-versus-a-copy
  data["session_duration_seconds"] = data["session_duration_seconds"].astype(float)
/Users/harshadakumbhare/Documents/GitHub/research_project/MAESTRO_v2/src/tools/analytics.py:176: SettingWithCopyWarning: 
A value is trying to be set on a copy of a slice from a DataFrame.
Try using .loc[row_indexer,col_indexer] = value instead

See the caveats in the documentation: https://pandas.pydata.org/pandas-docs/stable/user_guide/indexing.html#returning-a-view-versus-a-copy
  data["session_duration_seconds"] = data["session_duration_seconds"].astype(float)
/Users/harshadakumbhare/Documents/GitHub/research_project/MAESTRO_v2/src/tools/analytics.py:176: SettingWithCopyWarning: 
A value is trying to be set on a copy of a slice from a DataFrame.
Try using .loc[row_indexer,col_indexer] = value instead

See the caveats in the documentation: https://pandas.pydata.org/pandas-docs/stable/user_guide/indexing.html#returning-a-view-versus-a-copy
  data["session_duration_seconds"] = data["session_duration_seconds"].astype(float)
/Users/harshadakumbhare/Documents/GitHub/research_project/MAESTRO_v2/src/tools/analytics.py:123: SettingWithCopyWarning: 
A value is trying to be set on a copy of a slice from a DataFrame.
Try using .loc[row_indexer,col_indexer] = value instead

See the caveats in the documentation: https://pandas.pydata.org/pandas-docs/stable/user_guide/indexing.html#returning-a-view-versus-a-copy
  data["user_engaged"] = data["user_engaged"].astype(bool).astype(int)
/Users/harshadakumbhare/Documents/GitHub/research_project/MAESTRO_v2/src/tools/analytics.py:123: SettingWithCopyWarning: 
A value is trying to be set on a copy of a slice from a DataFrame.
Try using .loc[row_indexer,col_indexer] = value instead

See the caveats in the documentation: https://pandas.pydata.org/pandas-docs/stable/user_guide/indexing.html#returning-a-view-versus-a-copy
  data["user_engaged"] = data["user_engaged"].astype(bool).astype(int)
/Users/harshadakumbhare/Documents/GitHub/research_project/MAESTRO_v2/src/tools/analytics.py:123: SettingWithCopyWarning: 
A value is trying to be set on a copy of a slice from a DataFrame.
Try using .loc[row_indexer,col_indexer] = value instead

See the caveats in the documentation: https://pandas.pydata.org/pandas-docs/stable/user_guide/indexing.html#returning-a-view-versus-a-copy
  data["user_engaged"] = data["user_engaged"].astype(bool).astype(int)
/Users/harshadakumbhare/Documents/GitHub/research_project/MAESTRO_v2/src/tools/analytics.py:176: SettingWithCopyWarning: 
A value is trying to be set on a copy of a slice from a DataFrame.
Try using .loc[row_indexer,col_indexer] = value instead

See the caveats in the documentation: https://pandas.pydata.org/pandas-docs/stable/user_guide/indexing.html#returning-a-view-versus-a-copy
  data["session_duration_seconds"] = data["session_duration_seconds"].astype(float)
/Users/harshadakumbhare/Documents/GitHub/research_project/MAESTRO_v2/src/tools/analytics.py:176: SettingWithCopyWarning: 
A value is trying to be set on a copy of a slice from a DataFrame.
Try using .loc[row_indexer,col_indexer] = value instead

See the caveats in the documentation: https://pandas.pydata.org/pandas-docs/stable/user_guide/indexing.html#returning-a-view-versus-a-copy
  data["session_duration_seconds"] = data["session_duration_seconds"].astype(float)
/Users/harshadakumbhare/Documents/GitHub/research_project/MAESTRO_v2/src/tools/analytics.py:176: SettingWithCopyWarning: 
A value is trying to be set on a copy of a slice from a DataFrame.
Try using .loc[row_indexer,col_indexer] = value instead

See the caveats in the documentation: https://pandas.pydata.org/pandas-docs/stable/user_guide/indexing.html#returning-a-view-versus-a-copy
  data["session_duration_seconds"] = data["session_duration_seconds"].astype(float)
/Users/harshadakumbhare/Documents/GitHub/research_project/MAESTRO_v2/src/tools/analytics.py:176: SettingWithCopyWarning: 
A value is trying to be set on a copy of a slice from a DataFrame.
Try using .loc[row_indexer,col_indexer] = value instead

See the caveats in the documentation: https://pandas.pydata.org/pandas-docs/stable/user_guide/indexing.html#returning-a-view-versus-a-copy
  data["session_duration_seconds"] = data["session_duration_seconds"].astype(float)
/Users/harshadakumbhare/Documents/GitHub/research_project/MAESTRO_v2/src/tools/analytics.py:123: SettingWithCopyWarning: 
A value is trying to be set on a copy of a slice from a DataFrame.
Try using .loc[row_indexer,col_indexer] = value instead

See the caveats in the documentation: https://pandas.pydata.org/pandas-docs/stable/user_guide/indexing.html#returning-a-view-versus-a-copy
  data["user_engaged"] = data["user_engaged"].astype(bool).astype(int)
/Users/harshadakumbhare/Documents/GitHub/research_project/MAESTRO_v2/src/tools/analytics.py:123: SettingWithCopyWarning: 
A value is trying to be set on a copy of a slice from a DataFrame.
Try using .loc[row_indexer,col_indexer] = value instead

See the caveats in the documentation: https://pandas.pydata.org/pandas-docs/stable/user_guide/indexing.html#returning-a-view-versus-a-copy
  data["user_engaged"] = data["user_engaged"].astype(bool).astype(int)
/Users/harshadakumbhare/Documents/GitHub/research_project/MAESTRO_v2/src/tools/analytics.py:176: SettingWithCopyWarning: 
A value is trying to be set on a copy of a slice from a DataFrame.
Try using .loc[row_indexer,col_indexer] = value instead

See the caveats in the documentation: https://pandas.pydata.org/pandas-docs/stable/user_guide/indexing.html#returning-a-view-versus-a-copy
  data["session_duration_seconds"] = data["session_duration_seconds"].astype(float)
/Users/harshadakumbhare/Documents/GitHub/research_project/MAESTRO_v2/src/tools/analytics.py:176: SettingWithCopyWarning: 
A value is trying to be set on a copy of a slice from a DataFrame.
Try using .loc[row_indexer,col_indexer] = value instead

See the caveats in the documentation: https://pandas.pydata.org/pandas-docs/stable/user_guide/indexing.html#returning-a-view-versus-a-copy
  data["session_duration_seconds"] = data["session_duration_seconds"].astype(float)
/Users/harshadakumbhare/Documents/GitHub/research_project/MAESTRO_v2/src/tools/analytics.py:123: SettingWithCopyWarning: 
A value is trying to be set on a copy of a slice from a DataFrame.
Try using .loc[row_indexer,col_indexer] = value instead

See the caveats in the documentation: https://pandas.pydata.org/pandas-docs/stable/user_guide/indexing.html#returning-a-view-versus-a-copy
  data["user_engaged"] = data["user_engaged"].astype(bool).astype(int)
/Users/harshadakumbhare/Documents/GitHub/research_project/MAESTRO_v2/src/tools/analytics.py:123: SettingWithCopyWarning: 
A value is trying to be set on a copy of a slice from a DataFrame.
Try using .loc[row_indexer,col_indexer] = value instead

See the caveats in the documentation: https://pandas.pydata.org/pandas-docs/stable/user_guide/indexing.html#returning-a-view-versus-a-copy
  data["user_engaged"] = data["user_engaged"].astype(bool).astype(int)
/Users/harshadakumbhare/Documents/GitHub/research_project/MAESTRO_v2/src/tools/analytics.py:176: SettingWithCopyWarning: 
A value is trying to be set on a copy of a slice from a DataFrame.
Try using .loc[row_indexer,col_indexer] = value instead

See the caveats in the documentation: https://pandas.pydata.org/pandas-docs/stable/user_guide/indexing.html#returning-a-view-versus-a-copy
  data["session_duration_seconds"] = data["session_duration_seconds"].astype(float)
/Users/harshadakumbhare/Documents/GitHub/research_project/MAESTRO_v2/src/tools/analytics.py:123: SettingWithCopyWarning: 
A value is trying to be set on a copy of a slice from a DataFrame.
Try using .loc[row_indexer,col_indexer] = value instead

See the caveats in the documentation: https://pandas.pydata.org/pandas-docs/stable/user_guide/indexing.html#returning-a-view-versus-a-copy
  data["user_engaged"] = data["user_engaged"].astype(bool).astype(int)
/Users/harshadakumbhare/Documents/GitHub/research_project/MAESTRO_v2/src/tools/analytics.py:176: SettingWithCopyWarning: 
A value is trying to be set on a copy of a slice from a DataFrame.
Try using .loc[row_indexer,col_indexer] = value instead

See the caveats in the documentation: https://pandas.pydata.org/pandas-docs/stable/user_guide/indexing.html#returning-a-view-versus-a-copy
  data["session_duration_seconds"] = data["session_duration_seconds"].astype(float)
/Users/harshadakumbhare/Documents/GitHub/research_project/MAESTRO_v2/src/tools/analytics.py:123: SettingWithCopyWarning: 
A value is trying to be set on a copy of a slice from a DataFrame.
Try using .loc[row_indexer,col_indexer] = value instead

See the caveats in the documentation: https://pandas.pydata.org/pandas-docs/stable/user_guide/indexing.html#returning-a-view-versus-a-copy
  data["user_engaged"] = data["user_engaged"].astype(bool).astype(int)
/Users/harshadakumbhare/Documents/GitHub/research_project/MAESTRO_v2/src/tools/analytics.py:123: SettingWithCopyWarning: 
A value is trying to be set on a copy of a slice from a DataFrame.
Try using .loc[row_indexer,col_indexer] = value instead

See the caveats in the documentation: https://pandas.pydata.org/pandas-docs/stable/user_guide/indexing.html#returning-a-view-versus-a-copy
  data["user_engaged"] = data["user_engaged"].astype(bool).astype(int)
/Users/harshadakumbhare/Documents/GitHub/research_project/MAESTRO_v2/src/tools/analytics.py:123: SettingWithCopyWarning: 
A value is trying to be set on a copy of a slice from a DataFrame.
Try using .loc[row_indexer,col_indexer] = value instead

See the caveats in the documentation: https://pandas.pydata.org/pandas-docs/stable/user_guide/indexing.html#returning-a-view-versus-a-copy
  data["user_engaged"] = data["user_engaged"].astype(bool).astype(int)
/Users/harshadakumbhare/Documents/GitHub/research_project/MAESTRO_v2/src/tools/analytics.py:123: SettingWithCopyWarning: 
A value is trying to be set on a copy of a slice from a DataFrame.
Try using .loc[row_indexer,col_indexer] = value instead

See the caveats in the documentation: https://pandas.pydata.org/pandas-docs/stable/user_guide/indexing.html#returning-a-view-versus-a-copy
  data["user_engaged"] = data["user_engaged"].astype(bool).astype(int)
/Users/harshadakumbhare/Documents/GitHub/research_project/MAESTRO_v2/src/tools/analytics.py:123: SettingWithCopyWarning: 
A value is trying to be set on a copy of a slice from a DataFrame.
Try using .loc[row_indexer,col_indexer] = value instead

See the caveats in the documentation: https://pandas.pydata.org/pandas-docs/stable/user_guide/indexing.html#returning-a-view-versus-a-copy
  data["user_engaged"] = data["user_engaged"].astype(bool).astype(int)
/Users/harshadakumbhare/Documents/GitHub/research_project/MAESTRO_v2/src/tools/analytics.py:123: SettingWithCopyWarning: 
A value is trying to be set on a copy of a slice from a DataFrame.
Try using .loc[row_indexer,col_indexer] = value instead

See the caveats in the documentation: https://pandas.pydata.org/pandas-docs/stable/user_guide/indexing.html#returning-a-view-versus-a-copy
  data["user_engaged"] = data["user_engaged"].astype(bool).astype(int)
/Users/harshadakumbhare/Documents/GitHub/research_project/MAESTRO_v2/src/tools/analytics.py:123: SettingWithCopyWarning: 
A value is trying to be set on a copy of a slice from a DataFrame.
Try using .loc[row_indexer,col_indexer] = value instead

See the caveats in the documentation: https://pandas.pydata.org/pandas-docs/stable/user_guide/indexing.html#returning-a-view-versus-a-copy
  data["user_engaged"] = data["user_engaged"].astype(bool).astype(int)
/Users/harshadakumbhare/Documents/GitHub/research_project/MAESTRO_v2/src/tools/analytics.py:176: SettingWithCopyWarning: 
A value is trying to be set on a copy of a slice from a DataFrame.
Try using .loc[row_indexer,col_indexer] = value instead

See the caveats in the documentation: https://pandas.pydata.org/pandas-docs/stable/user_guide/indexing.html#returning-a-view-versus-a-copy
  data["session_duration_seconds"] = data["session_duration_seconds"].astype(float)
/Users/harshadakumbhare/Documents/GitHub/research_project/MAESTRO_v2/src/tools/analytics.py:176: SettingWithCopyWarning: 
A value is trying to be set on a copy of a slice from a DataFrame.
Try using .loc[row_indexer,col_indexer] = value instead

See the caveats in the documentation: https://pandas.pydata.org/pandas-docs/stable/user_guide/indexing.html#returning-a-view-versus-a-copy
  data["session_duration_seconds"] = data["session_duration_seconds"].astype(float)
/Users/harshadakumbhare/Documents/GitHub/research_project/MAESTRO_v2/src/tools/analytics.py:123: SettingWithCopyWarning: 
A value is trying to be set on a copy of a slice from a DataFrame.
Try using .loc[row_indexer,col_indexer] = value instead

See the caveats in the documentation: https://pandas.pydata.org/pandas-docs/stable/user_guide/indexing.html#returning-a-view-versus-a-copy
  data["user_engaged"] = data["user_engaged"].astype(bool).astype(int)
/Users/harshadakumbhare/Documents/GitHub/research_project/MAESTRO_v2/src/tools/analytics.py:123: SettingWithCopyWarning: 
A value is trying to be set on a copy of a slice from a DataFrame.
Try using .loc[row_indexer,col_indexer] = value instead

See the caveats in the documentation: https://pandas.pydata.org/pandas-docs/stable/user_guide/indexing.html#returning-a-view-versus-a-copy
  data["user_engaged"] = data["user_engaged"].astype(bool).astype(int)
/Users/harshadakumbhare/Documents/GitHub/research_project/MAESTRO_v2/src/tools/analytics.py:176: SettingWithCopyWarning: 
A value is trying to be set on a copy of a slice from a DataFrame.
Try using .loc[row_indexer,col_indexer] = value instead

See the caveats in the documentation: https://pandas.pydata.org/pandas-docs/stable/user_guide/indexing.html#returning-a-view-versus-a-copy
  data["session_duration_seconds"] = data["session_duration_seconds"].astype(float)
/Users/harshadakumbhare/Documents/GitHub/research_project/MAESTRO_v2/src/tools/analytics.py:176: SettingWithCopyWarning: 
A value is trying to be set on a copy of a slice from a DataFrame.
Try using .loc[row_indexer,col_indexer] = value instead

See the caveats in the documentation: https://pandas.pydata.org/pandas-docs/stable/user_guide/indexing.html#returning-a-view-versus-a-copy
  data["session_duration_seconds"] = data["session_duration_seconds"].astype(float)
/Users/harshadakumbhare/Documents/GitHub/research_project/MAESTRO_v2/src/tools/analytics.py:176: SettingWithCopyWarning: 
A value is trying to be set on a copy of a slice from a DataFrame.
Try using .loc[row_indexer,col_indexer] = value instead

See the caveats in the documentation: https://pandas.pydata.org/pandas-docs/stable/user_guide/indexing.html#returning-a-view-versus-a-copy
  data["session_duration_seconds"] = data["session_duration_seconds"].astype(float)
/Users/harshadakumbhare/Documents/GitHub/research_project/MAESTRO_v2/src/tools/analytics.py:176: SettingWithCopyWarning: 
A value is trying to be set on a copy of a slice from a DataFrame.
Try using .loc[row_indexer,col_indexer] = value instead

See the caveats in the documentation: https://pandas.pydata.org/pandas-docs/stable/user_guide/indexing.html#returning-a-view-versus-a-copy
  data["session_duration_seconds"] = data["session_duration_seconds"].astype(float)
/Users/harshadakumbhare/Documents/GitHub/research_project/MAESTRO_v2/src/tools/analytics.py:123: SettingWithCopyWarning: 
A value is trying to be set on a copy of a slice from a DataFrame.
Try using .loc[row_indexer,col_indexer] = value instead

See the caveats in the documentation: https://pandas.pydata.org/pandas-docs/stable/user_guide/indexing.html#returning-a-view-versus-a-copy
  data["user_engaged"] = data["user_engaged"].astype(bool).astype(int)
/Users/harshadakumbhare/Documents/GitHub/research_project/MAESTRO_v2/src/tools/analytics.py:123: SettingWithCopyWarning: 
A value is trying to be set on a copy of a slice from a DataFrame.
Try using .loc[row_indexer,col_indexer] = value instead

See the caveats in the documentation: https://pandas.pydata.org/pandas-docs/stable/user_guide/indexing.html#returning-a-view-versus-a-copy
  data["user_engaged"] = data["user_engaged"].astype(bool).astype(int)
/Users/harshadakumbhare/Documents/GitHub/research_project/MAESTRO_v2/src/tools/analytics.py:123: SettingWithCopyWarning: 
A value is trying to be set on a copy of a slice from a DataFrame.
Try using .loc[row_indexer,col_indexer] = value instead

See the caveats in the documentation: https://pandas.pydata.org/pandas-docs/stable/user_guide/indexing.html#returning-a-view-versus-a-copy
  data["user_engaged"] = data["user_engaged"].astype(bool).astype(int)
/Users/harshadakumbhare/Documents/GitHub/research_project/MAESTRO_v2/src/tools/analytics.py:123: SettingWithCopyWarning: 
A value is trying to be set on a copy of a slice from a DataFrame.
Try using .loc[row_indexer,col_indexer] = value instead

See the caveats in the documentation: https://pandas.pydata.org/pandas-docs/stable/user_guide/indexing.html#returning-a-view-versus-a-copy
  data["user_engaged"] = data["user_engaged"].astype(bool).astype(int)
/Users/harshadakumbhare/Documents/GitHub/research_project/MAESTRO_v2/src/tools/analytics.py:123: SettingWithCopyWarning: 
A value is trying to be set on a copy of a slice from a DataFrame.
Try using .loc[row_indexer,col_indexer] = value instead

See the caveats in the documentation: https://pandas.pydata.org/pandas-docs/stable/user_guide/indexing.html#returning-a-view-versus-a-copy
  data["user_engaged"] = data["user_engaged"].astype(bool).astype(int)
/Users/harshadakumbhare/Documents/GitHub/research_project/MAESTRO_v2/src/tools/analytics.py:123: SettingWithCopyWarning: 
A value is trying to be set on a copy of a slice from a DataFrame.
Try using .loc[row_indexer,col_indexer] = value instead

See the caveats in the documentation: https://pandas.pydata.org/pandas-docs/stable/user_guide/indexing.html#returning-a-view-versus-a-copy
  data["user_engaged"] = data["user_engaged"].astype(bool).astype(int)
/Users/harshadakumbhare/Documents/GitHub/research_project/MAESTRO_v2/src/tools/analytics.py:123: SettingWithCopyWarning: 
A value is trying to be set on a copy of a slice from a DataFrame.
Try using .loc[row_indexer,col_indexer] = value instead

See the caveats in the documentation: https://pandas.pydata.org/pandas-docs/stable/user_guide/indexing.html#returning-a-view-versus-a-copy
  data["user_engaged"] = data["user_engaged"].astype(bool).astype(int)
/Users/harshadakumbhare/Documents/GitHub/research_project/MAESTRO_v2/src/tools/analytics.py:123: SettingWithCopyWarning: 
A value is trying to be set on a copy of a slice from a DataFrame.
Try using .loc[row_indexer,col_indexer] = value instead

See the caveats in the documentation: https://pandas.pydata.org/pandas-docs/stable/user_guide/indexing.html#returning-a-view-versus-a-copy
  data["user_engaged"] = data["user_engaged"].astype(bool).astype(int)
/Users/harshadakumbhare/Documents/GitHub/research_project/MAESTRO_v2/src/tools/analytics.py:176: SettingWithCopyWarning: 
A value is trying to be set on a copy of a slice from a DataFrame.
Try using .loc[row_indexer,col_indexer] = value instead

See the caveats in the documentation: https://pandas.pydata.org/pandas-docs/stable/user_guide/indexing.html#returning-a-view-versus-a-copy
  data["session_duration_seconds"] = data["session_duration_seconds"].astype(float)
/Users/harshadakumbhare/Documents/GitHub/research_project/MAESTRO_v2/src/tools/analytics.py:176: SettingWithCopyWarning: 
A value is trying to be set on a copy of a slice from a DataFrame.
Try using .loc[row_indexer,col_indexer] = value instead

See the caveats in the documentation: https://pandas.pydata.org/pandas-docs/stable/user_guide/indexing.html#returning-a-view-versus-a-copy
  data["session_duration_seconds"] = data["session_duration_seconds"].astype(float)
/Users/harshadakumbhare/Documents/GitHub/research_project/MAESTRO_v2/src/tools/analytics.py:176: SettingWithCopyWarning: 
A value is trying to be set on a copy of a slice from a DataFrame.
Try using .loc[row_indexer,col_indexer] = value instead

See the caveats in the documentation: https://pandas.pydata.org/pandas-docs/stable/user_guide/indexing.html#returning-a-view-versus-a-copy
  data["session_duration_seconds"] = data["session_duration_seconds"].astype(float)
/Users/harshadakumbhare/Documents/GitHub/research_project/MAESTRO_v2/src/tools/analytics.py:176: SettingWithCopyWarning: 
A value is trying to be set on a copy of a slice from a DataFrame.
Try using .loc[row_indexer,col_indexer] = value instead

See the caveats in the documentation: https://pandas.pydata.org/pandas-docs/stable/user_guide/indexing.html#returning-a-view-versus-a-copy
  data["session_duration_seconds"] = data["session_duration_seconds"].astype(float)
/Users/harshadakumbhare/Documents/GitHub/research_project/MAESTRO_v2/src/tools/analytics.py:123: SettingWithCopyWarning: 
A value is trying to be set on a copy of a slice from a DataFrame.
Try using .loc[row_indexer,col_indexer] = value instead

See the caveats in the documentation: https://pandas.pydata.org/pandas-docs/stable/user_guide/indexing.html#returning-a-view-versus-a-copy
  data["user_engaged"] = data["user_engaged"].astype(bool).astype(int)
/Users/harshadakumbhare/Documents/GitHub/research_project/MAESTRO_v2/src/tools/analytics.py:123: SettingWithCopyWarning: 
A value is trying to be set on a copy of a slice from a DataFrame.
Try using .loc[row_indexer,col_indexer] = value instead

See the caveats in the documentation: https://pandas.pydata.org/pandas-docs/stable/user_guide/indexing.html#returning-a-view-versus-a-copy
  data["user_engaged"] = data["user_engaged"].astype(bool).astype(int)
/Users/harshadakumbhare/Documents/GitHub/research_project/MAESTRO_v2/src/tools/analytics.py:176: SettingWithCopyWarning: 
A value is trying to be set on a copy of a slice from a DataFrame.
Try using .loc[row_indexer,col_indexer] = value instead

See the caveats in the documentation: https://pandas.pydata.org/pandas-docs/stable/user_guide/indexing.html#returning-a-view-versus-a-copy
  data["session_duration_seconds"] = data["session_duration_seconds"].astype(float)
/Users/harshadakumbhare/Documents/GitHub/research_project/MAESTRO_v2/src/tools/analytics.py:176: SettingWithCopyWarning: 
A value is trying to be set on a copy of a slice from a DataFrame.
Try using .loc[row_indexer,col_indexer] = value instead

See the caveats in the documentation: https://pandas.pydata.org/pandas-docs/stable/user_guide/indexing.html#returning-a-view-versus-a-copy
  data["session_duration_seconds"] = data["session_duration_seconds"].astype(float)
/Users/harshadakumbhare/Documents/GitHub/research_project/MAESTRO_v2/src/tools/analytics.py:176: SettingWithCopyWarning: 
A value is trying to be set on a copy of a slice from a DataFrame.
Try using .loc[row_indexer,col_indexer] = value instead

See the caveats in the documentation: https://pandas.pydata.org/pandas-docs/stable/user_guide/indexing.html#returning-a-view-versus-a-copy
  data["session_duration_seconds"] = data["session_duration_seconds"].astype(float)
/Users/harshadakumbhare/Documents/GitHub/research_project/MAESTRO_v2/src/tools/analytics.py:176: SettingWithCopyWarning: 
A value is trying to be set on a copy of a slice from a DataFrame.
Try using .loc[row_indexer,col_indexer] = value instead

See the caveats in the documentation: https://pandas.pydata.org/pandas-docs/stable/user_guide/indexing.html#returning-a-view-versus-a-copy
  data["session_duration_seconds"] = data["session_duration_seconds"].astype(float)
/Users/harshadakumbhare/Documents/GitHub/research_project/MAESTRO_v2/src/tools/analytics.py:123: SettingWithCopyWarning: 
A value is trying to be set on a copy of a slice from a DataFrame.
Try using .loc[row_indexer,col_indexer] = value instead

See the caveats in the documentation: https://pandas.pydata.org/pandas-docs/stable/user_guide/indexing.html#returning-a-view-versus-a-copy
  data["user_engaged"] = data["user_engaged"].astype(bool).astype(int)
/Users/harshadakumbhare/Documents/GitHub/research_project/MAESTRO_v2/src/tools/analytics.py:123: SettingWithCopyWarning: 
A value is trying to be set on a copy of a slice from a DataFrame.
Try using .loc[row_indexer,col_indexer] = value instead

See the caveats in the documentation: https://pandas.pydata.org/pandas-docs/stable/user_guide/indexing.html#returning-a-view-versus-a-copy
  data["user_engaged"] = data["user_engaged"].astype(bool).astype(int)
/Users/harshadakumbhare/Documents/GitHub/research_project/MAESTRO_v2/src/tools/analytics.py:123: SettingWithCopyWarning: 
A value is trying to be set on a copy of a slice from a DataFrame.
Try using .loc[row_indexer,col_indexer] = value instead

See the caveats in the documentation: https://pandas.pydata.org/pandas-docs/stable/user_guide/indexing.html#returning-a-view-versus-a-copy
  data["user_engaged"] = data["user_engaged"].astype(bool).astype(int)
/Users/harshadakumbhare/Documents/GitHub/research_project/MAESTRO_v2/src/tools/analytics.py:123: SettingWithCopyWarning: 
A value is trying to be set on a copy of a slice from a DataFrame.
Try using .loc[row_indexer,col_indexer] = value instead

See the caveats in the documentation: https://pandas.pydata.org/pandas-docs/stable/user_guide/indexing.html#returning-a-view-versus-a-copy
  data["user_engaged"] = data["user_engaged"].astype(bool).astype(int)
/Users/harshadakumbhare/Documents/GitHub/research_project/MAESTRO_v2/src/tools/analytics.py:123: SettingWithCopyWarning: 
A value is trying to be set on a copy of a slice from a DataFrame.
Try using .loc[row_indexer,col_indexer] = value instead

See the caveats in the documentation: https://pandas.pydata.org/pandas-docs/stable/user_guide/indexing.html#returning-a-view-versus-a-copy
  data["user_engaged"] = data["user_engaged"].astype(bool).astype(int)
/Users/harshadakumbhare/Documents/GitHub/research_project/MAESTRO_v2/src/tools/analytics.py:123: SettingWithCopyWarning: 
A value is trying to be set on a copy of a slice from a DataFrame.
Try using .loc[row_indexer,col_indexer] = value instead

See the caveats in the documentation: https://pandas.pydata.org/pandas-docs/stable/user_guide/indexing.html#returning-a-view-versus-a-copy
  data["user_engaged"] = data["user_engaged"].astype(bool).astype(int)
/Users/harshadakumbhare/Documents/GitHub/research_project/MAESTRO_v2/src/tools/analytics.py:123: SettingWithCopyWarning: 
A value is trying to be set on a copy of a slice from a DataFrame.
Try using .loc[row_indexer,col_indexer] = value instead

See the caveats in the documentation: https://pandas.pydata.org/pandas-docs/stable/user_guide/indexing.html#returning-a-view-versus-a-copy
  data["user_engaged"] = data["user_engaged"].astype(bool).astype(int)
/Users/harshadakumbhare/Documents/GitHub/research_project/MAESTRO_v2/src/tools/analytics.py:123: SettingWithCopyWarning: 
A value is trying to be set on a copy of a slice from a DataFrame.
Try using .loc[row_indexer,col_indexer] = value instead

See the caveats in the documentation: https://pandas.pydata.org/pandas-docs/stable/user_guide/indexing.html#returning-a-view-versus-a-copy
  data["user_engaged"] = data["user_engaged"].astype(bool).astype(int)
/Users/harshadakumbhare/Documents/GitHub/research_project/MAESTRO_v2/src/tools/analytics.py:176: SettingWithCopyWarning: 
A value is trying to be set on a copy of a slice from a DataFrame.
Try using .loc[row_indexer,col_indexer] = value instead

See the caveats in the documentation: https://pandas.pydata.org/pandas-docs/stable/user_guide/indexing.html#returning-a-view-versus-a-copy
  data["session_duration_seconds"] = data["session_duration_seconds"].astype(float)
/Users/harshadakumbhare/Documents/GitHub/research_project/MAESTRO_v2/src/tools/analytics.py:176: SettingWithCopyWarning: 
A value is trying to be set on a copy of a slice from a DataFrame.
Try using .loc[row_indexer,col_indexer] = value instead

See the caveats in the documentation: https://pandas.pydata.org/pandas-docs/stable/user_guide/indexing.html#returning-a-view-versus-a-copy
  data["session_duration_seconds"] = data["session_duration_seconds"].astype(float)
/Users/harshadakumbhare/Documents/GitHub/research_project/MAESTRO_v2/src/tools/analytics.py:176: SettingWithCopyWarning: 
A value is trying to be set on a copy of a slice from a DataFrame.
Try using .loc[row_indexer,col_indexer] = value instead

See the caveats in the documentation: https://pandas.pydata.org/pandas-docs/stable/user_guide/indexing.html#returning-a-view-versus-a-copy
  data["session_duration_seconds"] = data["session_duration_seconds"].astype(float)
/Users/harshadakumbhare/Documents/GitHub/research_project/MAESTRO_v2/src/tools/analytics.py:176: SettingWithCopyWarning: 
A value is trying to be set on a copy of a slice from a DataFrame.
Try using .loc[row_indexer,col_indexer] = value instead

See the caveats in the documentation: https://pandas.pydata.org/pandas-docs/stable/user_guide/indexing.html#returning-a-view-versus-a-copy
  data["session_duration_seconds"] = data["session_duration_seconds"].astype(float)
/Users/harshadakumbhare/Documents/GitHub/research_project/MAESTRO_v2/src/tools/analytics.py:123: SettingWithCopyWarning: 
A value is trying to be set on a copy of a slice from a DataFrame.
Try using .loc[row_indexer,col_indexer] = value instead

See the caveats in the documentation: https://pandas.pydata.org/pandas-docs/stable/user_guide/indexing.html#returning-a-view-versus-a-copy
  data["user_engaged"] = data["user_engaged"].astype(bool).astype(int)
/Users/harshadakumbhare/Documents/GitHub/research_project/MAESTRO_v2/src/tools/analytics.py:123: SettingWithCopyWarning: 
A value is trying to be set on a copy of a slice from a DataFrame.
Try using .loc[row_indexer,col_indexer] = value instead

See the caveats in the documentation: https://pandas.pydata.org/pandas-docs/stable/user_guide/indexing.html#returning-a-view-versus-a-copy
  data["user_engaged"] = data["user_engaged"].astype(bool).astype(int)
/Users/harshadakumbhare/Documents/GitHub/research_project/MAESTRO_v2/src/tools/analytics.py:123: SettingWithCopyWarning: 
A value is trying to be set on a copy of a slice from a DataFrame.
Try using .loc[row_indexer,col_indexer] = value instead

See the caveats in the documentation: https://pandas.pydata.org/pandas-docs/stable/user_guide/indexing.html#returning-a-view-versus-a-copy
  data["user_engaged"] = data["user_engaged"].astype(bool).astype(int)
/Users/harshadakumbhare/Documents/GitHub/research_project/MAESTRO_v2/src/tools/analytics.py:123: SettingWithCopyWarning: 
A value is trying to be set on a copy of a slice from a DataFrame.
Try using .loc[row_indexer,col_indexer] = value instead

See the caveats in the documentation: https://pandas.pydata.org/pandas-docs/stable/user_guide/indexing.html#returning-a-view-versus-a-copy
  data["user_engaged"] = data["user_engaged"].astype(bool).astype(int)
/Users/harshadakumbhare/Documents/GitHub/research_project/MAESTRO_v2/src/tools/analytics.py:123: SettingWithCopyWarning: 
A value is trying to be set on a copy of a slice from a DataFrame.
Try using .loc[row_indexer,col_indexer] = value instead

See the caveats in the documentation: https://pandas.pydata.org/pandas-docs/stable/user_guide/indexing.html#returning-a-view-versus-a-copy
  data["user_engaged"] = data["user_engaged"].astype(bool).astype(int)
/Users/harshadakumbhare/Documents/GitHub/research_project/MAESTRO_v2/src/tools/analytics.py:123: SettingWithCopyWarning: 
A value is trying to be set on a copy of a slice from a DataFrame.
Try using .loc[row_indexer,col_indexer] = value instead

See the caveats in the documentation: https://pandas.pydata.org/pandas-docs/stable/user_guide/indexing.html#returning-a-view-versus-a-copy
  data["user_engaged"] = data["user_engaged"].astype(bool).astype(int)
/Users/harshadakumbhare/Documents/GitHub/research_project/MAESTRO_v2/src/tools/analytics.py:176: SettingWithCopyWarning: 
A value is trying to be set on a copy of a slice from a DataFrame.
Try using .loc[row_indexer,col_indexer] = value instead

See the caveats in the documentation: https://pandas.pydata.org/pandas-docs/stable/user_guide/indexing.html#returning-a-view-versus-a-copy
  data["session_duration_seconds"] = data["session_duration_seconds"].astype(float)
/Users/harshadakumbhare/Documents/GitHub/research_project/MAESTRO_v2/src/tools/analytics.py:123: SettingWithCopyWarning: 
A value is trying to be set on a copy of a slice from a DataFrame.
Try using .loc[row_indexer,col_indexer] = value instead

See the caveats in the documentation: https://pandas.pydata.org/pandas-docs/stable/user_guide/indexing.html#returning-a-view-versus-a-copy
  data["user_engaged"] = data["user_engaged"].astype(bool).astype(int)
/Users/harshadakumbhare/Documents/GitHub/research_project/MAESTRO_v2/src/tools/analytics.py:176: SettingWithCopyWarning: 
A value is trying to be set on a copy of a slice from a DataFrame.
Try using .loc[row_indexer,col_indexer] = value instead

See the caveats in the documentation: https://pandas.pydata.org/pandas-docs/stable/user_guide/indexing.html#returning-a-view-versus-a-copy
  data["session_duration_seconds"] = data["session_duration_seconds"].astype(float)
/Users/harshadakumbhare/Documents/GitHub/research_project/MAESTRO_v2/src/tools/analytics.py:123: SettingWithCopyWarning: 
A value is trying to be set on a copy of a slice from a DataFrame.
Try using .loc[row_indexer,col_indexer] = value instead

See the caveats in the documentation: https://pandas.pydata.org/pandas-docs/stable/user_guide/indexing.html#returning-a-view-versus-a-copy
  data["user_engaged"] = data["user_engaged"].astype(bool).astype(int)
/Users/harshadakumbhare/Documents/GitHub/research_project/MAESTRO_v2/src/tools/analytics.py:123: SettingWithCopyWarning: 
A value is trying to be set on a copy of a slice from a DataFrame.
Try using .loc[row_indexer,col_indexer] = value instead

See the caveats in the documentation: https://pandas.pydata.org/pandas-docs/stable/user_guide/indexing.html#returning-a-view-versus-a-copy
  data["user_engaged"] = data["user_engaged"].astype(bool).astype(int)
/Users/harshadakumbhare/Documents/GitHub/research_project/MAESTRO_v2/src/tools/analytics.py:123: SettingWithCopyWarning: 
A value is trying to be set on a copy of a slice from a DataFrame.
Try using .loc[row_indexer,col_indexer] = value instead

See the caveats in the documentation: https://pandas.pydata.org/pandas-docs/stable/user_guide/indexing.html#returning-a-view-versus-a-copy
  data["user_engaged"] = data["user_engaged"].astype(bool).astype(int)
/Users/harshadakumbhare/Documents/GitHub/research_project/MAESTRO_v2/src/tools/analytics.py:123: SettingWithCopyWarning: 
A value is trying to be set on a copy of a slice from a DataFrame.
Try using .loc[row_indexer,col_indexer] = value instead

See the caveats in the documentation: https://pandas.pydata.org/pandas-docs/stable/user_guide/indexing.html#returning-a-view-versus-a-copy
  data["user_engaged"] = data["user_engaged"].astype(bool).astype(int)
/Users/harshadakumbhare/Documents/GitHub/research_project/MAESTRO_v2/src/tools/analytics.py:123: SettingWithCopyWarning: 
A value is trying to be set on a copy of a slice from a DataFrame.
Try using .loc[row_indexer,col_indexer] = value instead

See the caveats in the documentation: https://pandas.pydata.org/pandas-docs/stable/user_guide/indexing.html#returning-a-view-versus-a-copy
  data["user_engaged"] = data["user_engaged"].astype(bool).astype(int)
/Users/harshadakumbhare/Documents/GitHub/research_project/MAESTRO_v2/src/tools/analytics.py:176: SettingWithCopyWarning: 
A value is trying to be set on a copy of a slice from a DataFrame.
Try using .loc[row_indexer,col_indexer] = value instead

See the caveats in the documentation: https://pandas.pydata.org/pandas-docs/stable/user_guide/indexing.html#returning-a-view-versus-a-copy
  data["session_duration_seconds"] = data["session_duration_seconds"].astype(float)
/Users/harshadakumbhare/Documents/GitHub/research_project/MAESTRO_v2/src/tools/analytics.py:176: SettingWithCopyWarning: 
A value is trying to be set on a copy of a slice from a DataFrame.
Try using .loc[row_indexer,col_indexer] = value instead

See the caveats in the documentation: https://pandas.pydata.org/pandas-docs/stable/user_guide/indexing.html#returning-a-view-versus-a-copy
  data["session_duration_seconds"] = data["session_duration_seconds"].astype(float)
/Users/harshadakumbhare/Documents/GitHub/research_project/MAESTRO_v2/src/tools/analytics.py:176: SettingWithCopyWarning: 
A value is trying to be set on a copy of a slice from a DataFrame.
Try using .loc[row_indexer,col_indexer] = value instead

See the caveats in the documentation: https://pandas.pydata.org/pandas-docs/stable/user_guide/indexing.html#returning-a-view-versus-a-copy
  data["session_duration_seconds"] = data["session_duration_seconds"].astype(float)
/Users/harshadakumbhare/Documents/GitHub/research_project/MAESTRO_v2/src/tools/analytics.py:176: SettingWithCopyWarning: 
A value is trying to be set on a copy of a slice from a DataFrame.
Try using .loc[row_indexer,col_indexer] = value instead

See the caveats in the documentation: https://pandas.pydata.org/pandas-docs/stable/user_guide/indexing.html#returning-a-view-versus-a-copy
  data["session_duration_seconds"] = data["session_duration_seconds"].astype(float)
/Users/harshadakumbhare/Documents/GitHub/research_project/MAESTRO_v2/src/tools/analytics.py:123: SettingWithCopyWarning: 
A value is trying to be set on a copy of a slice from a DataFrame.
Try using .loc[row_indexer,col_indexer] = value instead

See the caveats in the documentation: https://pandas.pydata.org/pandas-docs/stable/user_guide/indexing.html#returning-a-view-versus-a-copy
  data["user_engaged"] = data["user_engaged"].astype(bool).astype(int)
/Users/harshadakumbhare/Documents/GitHub/research_project/MAESTRO_v2/src/tools/analytics.py:123: SettingWithCopyWarning: 
A value is trying to be set on a copy of a slice from a DataFrame.
Try using .loc[row_indexer,col_indexer] = value instead

See the caveats in the documentation: https://pandas.pydata.org/pandas-docs/stable/user_guide/indexing.html#returning-a-view-versus-a-copy
  data["user_engaged"] = data["user_engaged"].astype(bool).astype(int)
/Users/harshadakumbhare/Documents/GitHub/research_project/MAESTRO_v2/src/tools/analytics.py:123: SettingWithCopyWarning: 
A value is trying to be set on a copy of a slice from a DataFrame.
Try using .loc[row_indexer,col_indexer] = value instead

See the caveats in the documentation: https://pandas.pydata.org/pandas-docs/stable/user_guide/indexing.html#returning-a-view-versus-a-copy
  data["user_engaged"] = data["user_engaged"].astype(bool).astype(int)
/Users/harshadakumbhare/Documents/GitHub/research_project/MAESTRO_v2/src/tools/analytics.py:123: SettingWithCopyWarning: 
A value is trying to be set on a copy of a slice from a DataFrame.
Try using .loc[row_indexer,col_indexer] = value instead

See the caveats in the documentation: https://pandas.pydata.org/pandas-docs/stable/user_guide/indexing.html#returning-a-view-versus-a-copy
  data["user_engaged"] = data["user_engaged"].astype(bool).astype(int)
/Users/harshadakumbhare/Documents/GitHub/research_project/MAESTRO_v2/src/tools/analytics.py:123: SettingWithCopyWarning: 
A value is trying to be set on a copy of a slice from a DataFrame.
Try using .loc[row_indexer,col_indexer] = value instead

See the caveats in the documentation: https://pandas.pydata.org/pandas-docs/stable/user_guide/indexing.html#returning-a-view-versus-a-copy
  data["user_engaged"] = data["user_engaged"].astype(bool).astype(int)
/Users/harshadakumbhare/Documents/GitHub/research_project/MAESTRO_v2/src/tools/analytics.py:123: SettingWithCopyWarning: 
A value is trying to be set on a copy of a slice from a DataFrame.
Try using .loc[row_indexer,col_indexer] = value instead

See the caveats in the documentation: https://pandas.pydata.org/pandas-docs/stable/user_guide/indexing.html#returning-a-view-versus-a-copy
  data["user_engaged"] = data["user_engaged"].astype(bool).astype(int)
/Users/harshadakumbhare/Documents/GitHub/research_project/MAESTRO_v2/src/tools/analytics.py:176: SettingWithCopyWarning: 
A value is trying to be set on a copy of a slice from a DataFrame.
Try using .loc[row_indexer,col_indexer] = value instead

See the caveats in the documentation: https://pandas.pydata.org/pandas-docs/stable/user_guide/indexing.html#returning-a-view-versus-a-copy
  data["session_duration_seconds"] = data["session_duration_seconds"].astype(float)
/Users/harshadakumbhare/Documents/GitHub/research_project/MAESTRO_v2/src/tools/analytics.py:176: SettingWithCopyWarning: 
A value is trying to be set on a copy of a slice from a DataFrame.
Try using .loc[row_indexer,col_indexer] = value instead

See the caveats in the documentation: https://pandas.pydata.org/pandas-docs/stable/user_guide/indexing.html#returning-a-view-versus-a-copy
  data["session_duration_seconds"] = data["session_duration_seconds"].astype(float)
/Users/harshadakumbhare/Documents/GitHub/research_project/MAESTRO_v2/src/tools/analytics.py:123: SettingWithCopyWarning: 
A value is trying to be set on a copy of a slice from a DataFrame.
Try using .loc[row_indexer,col_indexer] = value instead

See the caveats in the documentation: https://pandas.pydata.org/pandas-docs/stable/user_guide/indexing.html#returning-a-view-versus-a-copy
  data["user_engaged"] = data["user_engaged"].astype(bool).astype(int)
/Users/harshadakumbhare/Documents/GitHub/research_project/MAESTRO_v2/src/tools/analytics.py:123: SettingWithCopyWarning: 
A value is trying to be set on a copy of a slice from a DataFrame.
Try using .loc[row_indexer,col_indexer] = value instead

See the caveats in the documentation: https://pandas.pydata.org/pandas-docs/stable/user_guide/indexing.html#returning-a-view-versus-a-copy
  data["user_engaged"] = data["user_engaged"].astype(bool).astype(int)
/Users/harshadakumbhare/Documents/GitHub/research_project/MAESTRO_v2/src/tools/analytics.py:123: SettingWithCopyWarning: 
A value is trying to be set on a copy of a slice from a DataFrame.
Try using .loc[row_indexer,col_indexer] = value instead

See the caveats in the documentation: https://pandas.pydata.org/pandas-docs/stable/user_guide/indexing.html#returning-a-view-versus-a-copy
  data["user_engaged"] = data["user_engaged"].astype(bool).astype(int)
/Users/harshadakumbhare/Documents/GitHub/research_project/MAESTRO_v2/src/tools/analytics.py:123: SettingWithCopyWarning: 
A value is trying to be set on a copy of a slice from a DataFrame.
Try using .loc[row_indexer,col_indexer] = value instead

See the caveats in the documentation: https://pandas.pydata.org/pandas-docs/stable/user_guide/indexing.html#returning-a-view-versus-a-copy
  data["user_engaged"] = data["user_engaged"].astype(bool).astype(int)
/Users/harshadakumbhare/Documents/GitHub/research_project/MAESTRO_v2/src/tools/analytics.py:176: SettingWithCopyWarning: 
A value is trying to be set on a copy of a slice from a DataFrame.
Try using .loc[row_indexer,col_indexer] = value instead

See the caveats in the documentation: https://pandas.pydata.org/pandas-docs/stable/user_guide/indexing.html#returning-a-view-versus-a-copy
  data["session_duration_seconds"] = data["session_duration_seconds"].astype(float)
/Users/harshadakumbhare/Documents/GitHub/research_project/MAESTRO_v2/src/tools/analytics.py:176: SettingWithCopyWarning: 
A value is trying to be set on a copy of a slice from a DataFrame.
Try using .loc[row_indexer,col_indexer] = value instead

See the caveats in the documentation: https://pandas.pydata.org/pandas-docs/stable/user_guide/indexing.html#returning-a-view-versus-a-copy
  data["session_duration_seconds"] = data["session_duration_seconds"].astype(float)
/Users/harshadakumbhare/Documents/GitHub/research_project/MAESTRO_v2/src/tools/analytics.py:176: SettingWithCopyWarning: 
A value is trying to be set on a copy of a slice from a DataFrame.
Try using .loc[row_indexer,col_indexer] = value instead

See the caveats in the documentation: https://pandas.pydata.org/pandas-docs/stable/user_guide/indexing.html#returning-a-view-versus-a-copy
  data["session_duration_seconds"] = data["session_duration_seconds"].astype(float)
/Users/harshadakumbhare/Documents/GitHub/research_project/MAESTRO_v2/src/tools/analytics.py:176: SettingWithCopyWarning: 
A value is trying to be set on a copy of a slice from a DataFrame.
Try using .loc[row_indexer,col_indexer] = value instead

See the caveats in the documentation: https://pandas.pydata.org/pandas-docs/stable/user_guide/indexing.html#returning-a-view-versus-a-copy
  data["session_duration_seconds"] = data["session_duration_seconds"].astype(float)
/Users/harshadakumbhare/Documents/GitHub/research_project/MAESTRO_v2/src/tools/analytics.py:123: SettingWithCopyWarning: 
A value is trying to be set on a copy of a slice from a DataFrame.
Try using .loc[row_indexer,col_indexer] = value instead

See the caveats in the documentation: https://pandas.pydata.org/pandas-docs/stable/user_guide/indexing.html#returning-a-view-versus-a-copy
  data["user_engaged"] = data["user_engaged"].astype(bool).astype(int)
/Users/harshadakumbhare/Documents/GitHub/research_project/MAESTRO_v2/src/tools/analytics.py:123: SettingWithCopyWarning: 
A value is trying to be set on a copy of a slice from a DataFrame.
Try using .loc[row_indexer,col_indexer] = value instead

See the caveats in the documentation: https://pandas.pydata.org/pandas-docs/stable/user_guide/indexing.html#returning-a-view-versus-a-copy
  data["user_engaged"] = data["user_engaged"].astype(bool).astype(int)
/Users/harshadakumbhare/Documents/GitHub/research_project/MAESTRO_v2/src/tools/analytics.py:176: SettingWithCopyWarning: 
A value is trying to be set on a copy of a slice from a DataFrame.
Try using .loc[row_indexer,col_indexer] = value instead

See the caveats in the documentation: https://pandas.pydata.org/pandas-docs/stable/user_guide/indexing.html#returning-a-view-versus-a-copy
  data["session_duration_seconds"] = data["session_duration_seconds"].astype(float)
/Users/harshadakumbhare/Documents/GitHub/research_project/MAESTRO_v2/src/tools/analytics.py:176: SettingWithCopyWarning: 
A value is trying to be set on a copy of a slice from a DataFrame.
Try using .loc[row_indexer,col_indexer] = value instead

See the caveats in the documentation: https://pandas.pydata.org/pandas-docs/stable/user_guide/indexing.html#returning-a-view-versus-a-copy
  data["session_duration_seconds"] = data["session_duration_seconds"].astype(float)
/Users/harshadakumbhare/Documents/GitHub/research_project/MAESTRO_v2/src/tools/analytics.py:123: SettingWithCopyWarning: 
A value is trying to be set on a copy of a slice from a DataFrame.
Try using .loc[row_indexer,col_indexer] = value instead

See the caveats in the documentation: https://pandas.pydata.org/pandas-docs/stable/user_guide/indexing.html#returning-a-view-versus-a-copy
  data["user_engaged"] = data["user_engaged"].astype(bool).astype(int)
/Users/harshadakumbhare/Documents/GitHub/research_project/MAESTRO_v2/src/tools/analytics.py:123: SettingWithCopyWarning: 
A value is trying to be set on a copy of a slice from a DataFrame.
Try using .loc[row_indexer,col_indexer] = value instead

See the caveats in the documentation: https://pandas.pydata.org/pandas-docs/stable/user_guide/indexing.html#returning-a-view-versus-a-copy
  data["user_engaged"] = data["user_engaged"].astype(bool).astype(int)
/Users/harshadakumbhare/Documents/GitHub/research_project/MAESTRO_v2/src/tools/analytics.py:176: SettingWithCopyWarning: 
A value is trying to be set on a copy of a slice from a DataFrame.
Try using .loc[row_indexer,col_indexer] = value instead

See the caveats in the documentation: https://pandas.pydata.org/pandas-docs/stable/user_guide/indexing.html#returning-a-view-versus-a-copy
  data["session_duration_seconds"] = data["session_duration_seconds"].astype(float)
/Users/harshadakumbhare/Documents/GitHub/research_project/MAESTRO_v2/src/tools/analytics.py:176: SettingWithCopyWarning: 
A value is trying to be set on a copy of a slice from a DataFrame.
Try using .loc[row_indexer,col_indexer] = value instead

See the caveats in the documentation: https://pandas.pydata.org/pandas-docs/stable/user_guide/indexing.html#returning-a-view-versus-a-copy
  data["session_duration_seconds"] = data["session_duration_seconds"].astype(float)
/Users/harshadakumbhare/Documents/GitHub/research_project/MAESTRO_v2/src/tools/analytics.py:176: SettingWithCopyWarning: 
A value is trying to be set on a copy of a slice from a DataFrame.
Try using .loc[row_indexer,col_indexer] = value instead

See the caveats in the documentation: https://pandas.pydata.org/pandas-docs/stable/user_guide/indexing.html#returning-a-view-versus-a-copy
  data["session_duration_seconds"] = data["session_duration_seconds"].astype(float)
/Users/harshadakumbhare/Documents/GitHub/research_project/MAESTRO_v2/src/tools/analytics.py:176: SettingWithCopyWarning: 
A value is trying to be set on a copy of a slice from a DataFrame.
Try using .loc[row_indexer,col_indexer] = value instead

See the caveats in the documentation: https://pandas.pydata.org/pandas-docs/stable/user_guide/indexing.html#returning-a-view-versus-a-copy
  data["session_duration_seconds"] = data["session_duration_seconds"].astype(float)
/Users/harshadakumbhare/Documents/GitHub/research_project/MAESTRO_v2/src/tools/analytics.py:176: SettingWithCopyWarning: 
A value is trying to be set on a copy of a slice from a DataFrame.
Try using .loc[row_indexer,col_indexer] = value instead

See the caveats in the documentation: https://pandas.pydata.org/pandas-docs/stable/user_guide/indexing.html#returning-a-view-versus-a-copy
  data["session_duration_seconds"] = data["session_duration_seconds"].astype(float)
/Users/harshadakumbhare/Documents/GitHub/research_project/MAESTRO_v2/src/tools/analytics.py:176: SettingWithCopyWarning: 
A value is trying to be set on a copy of a slice from a DataFrame.
Try using .loc[row_indexer,col_indexer] = value instead

See the caveats in the documentation: https://pandas.pydata.org/pandas-docs/stable/user_guide/indexing.html#returning-a-view-versus-a-copy
  data["session_duration_seconds"] = data["session_duration_seconds"].astype(float)
/Users/harshadakumbhare/Documents/GitHub/research_project/MAESTRO_v2/src/tools/analytics.py:123: SettingWithCopyWarning: 
A value is trying to be set on a copy of a slice from a DataFrame.
Try using .loc[row_indexer,col_indexer] = value instead

See the caveats in the documentation: https://pandas.pydata.org/pandas-docs/stable/user_guide/indexing.html#returning-a-view-versus-a-copy
  data["user_engaged"] = data["user_engaged"].astype(bool).astype(int)
/Users/harshadakumbhare/Documents/GitHub/research_project/MAESTRO_v2/src/tools/analytics.py:123: SettingWithCopyWarning: 
A value is trying to be set on a copy of a slice from a DataFrame.
Try using .loc[row_indexer,col_indexer] = value instead

See the caveats in the documentation: https://pandas.pydata.org/pandas-docs/stable/user_guide/indexing.html#returning-a-view-versus-a-copy
  data["user_engaged"] = data["user_engaged"].astype(bool).astype(int)
/Users/harshadakumbhare/Documents/GitHub/research_project/MAESTRO_v2/src/tools/analytics.py:123: SettingWithCopyWarning: 
A value is trying to be set on a copy of a slice from a DataFrame.
Try using .loc[row_indexer,col_indexer] = value instead

See the caveats in the documentation: https://pandas.pydata.org/pandas-docs/stable/user_guide/indexing.html#returning-a-view-versus-a-copy
  data["user_engaged"] = data["user_engaged"].astype(bool).astype(int)
/Users/harshadakumbhare/Documents/GitHub/research_project/MAESTRO_v2/src/tools/analytics.py:123: SettingWithCopyWarning: 
A value is trying to be set on a copy of a slice from a DataFrame.
Try using .loc[row_indexer,col_indexer] = value instead

See the caveats in the documentation: https://pandas.pydata.org/pandas-docs/stable/user_guide/indexing.html#returning-a-view-versus-a-copy
  data["user_engaged"] = data["user_engaged"].astype(bool).astype(int)
/Users/harshadakumbhare/Documents/GitHub/research_project/MAESTRO_v2/src/tools/analytics.py:123: SettingWithCopyWarning: 
A value is trying to be set on a copy of a slice from a DataFrame.
Try using .loc[row_indexer,col_indexer] = value instead

See the caveats in the documentation: https://pandas.pydata.org/pandas-docs/stable/user_guide/indexing.html#returning-a-view-versus-a-copy
  data["user_engaged"] = data["user_engaged"].astype(bool).astype(int)
/Users/harshadakumbhare/Documents/GitHub/research_project/MAESTRO_v2/src/tools/analytics.py:123: SettingWithCopyWarning: 
A value is trying to be set on a copy of a slice from a DataFrame.
Try using .loc[row_indexer,col_indexer] = value instead

See the caveats in the documentation: https://pandas.pydata.org/pandas-docs/stable/user_guide/indexing.html#returning-a-view-versus-a-copy
  data["user_engaged"] = data["user_engaged"].astype(bool).astype(int)

======================================================================
[E12] domain=customer_relationship_manager  conditions=['base', 'with_tool_dependency_skills', 'skills_gated', 'verify', 'skills_gated_verify_with_tool_dependency_skills']
======================================================================
[parallel] store: done {'base': 0, 'with_tool_dependency_skills': 0, 'skills_gated': 0, 'verify': 0, 'skills_gated_verify_with_tool_dependency_skills': 0}  |  remaining 400 query-runs across ['base', 'with_tool_dependency_skills', 'skills_gated', 'verify', 'skills_gated_verify_with_tool_dependency_skills']
[parallel] launching 6 shards (max_workers=6, stagger=8s)
[parallel] started shard_00 (pid 84391)
[parallel] started shard_01 (pid 84412)
[parallel] started shard_02 (pid 84423)
[parallel] started shard_03 (pid 84442)
[parallel] started shard_04 (pid 84455)
[parallel] started shard_05 (pid 84472)
[parallel] finished shard_00  (1/6)  rc=0
[parallel] finished shard_03  (2/6)  rc=0
[parallel] finished shard_04  (3/6)  rc=0
[parallel] finished shard_05  (4/6)  rc=0
[parallel] finished shard_02  (5/6)  rc=0
[parallel] finished shard_01  (6/6)  rc=0
[parallel] shards done in 824s wall

########## E12_abalation — standard results (from store) ##########
condition     domain                split (grain)            n    acc%   Δbase   side%
--------------------------------------------------------------------------------------
base          customer_relationship_managerall (domain)            80    51.2       -    35.0
with_tool_dependency_skillscustomer_relationship_managerall (domain)            80    52.5    +1.3    35.0
skills_gated  customer_relationship_managerall (domain)            80    61.3   +10.0    35.0
verify        customer_relationship_managerall (domain)            80    55.0    +3.8    31.2
skills_gated_verify_with_tool_dependency_skillscustomer_relationship_managerall (domain)            80    58.8    +7.5    37.5

########## E12_abalation — cost / tokens (this run) ##########
  base        3,857,968 tokens  $0.5934  (scored 80)
  with_tool_dependency_skills  4,528,524 tokens  $0.6941  (scored 80)
  skills_gated  5,108,033 tokens  $0.7825  (scored 80)
  verify      4,906,090 tokens  $0.7529  (scored 80)
  skills_gated_verify_with_tool_dependency_skills  6,221,796 tokens  $0.9529  (scored 80)
  wall (this run): 824s

Wrote /Users/harshadakumbhare/Documents/GitHub/research_project/MAESTRO_v2/experiments/E12_abalation/by_domain/customer_relationship_manager/results/metrics.json

======================================================================
[E12] domain=email  conditions=['base', 'with_tool_dependency_skills', 'skills_gated', 'verify', 'skills_gated_verify_with_tool_dependency_skills']
======================================================================
[parallel] store: done {'base': 0, 'with_tool_dependency_skills': 0, 'skills_gated': 0, 'verify': 0, 'skills_gated_verify_with_tool_dependency_skills': 0}  |  remaining 450 query-runs across ['base', 'with_tool_dependency_skills', 'skills_gated', 'verify', 'skills_gated_verify_with_tool_dependency_skills']
[parallel] launching 6 shards (max_workers=6, stagger=8s)
[parallel] started shard_00 (pid 85157)
[parallel] started shard_01 (pid 85171)
[parallel] started shard_02 (pid 85180)
[parallel] started shard_03 (pid 85195)
[parallel] started shard_04 (pid 85209)
[parallel] started shard_05 (pid 85218)
[parallel] finished shard_02  (1/6)  rc=0
[parallel] finished shard_00  (2/6)  rc=0
[parallel] finished shard_01  (3/6)  rc=0
[parallel] finished shard_03  (4/6)  rc=0
[parallel] finished shard_04  (5/6)  rc=0
[parallel] finished shard_05  (6/6)  rc=0
[parallel] shards done in 896s wall

########## E12_abalation — standard results (from store) ##########
condition     domain                split (grain)            n    acc%   Δbase   side%
--------------------------------------------------------------------------------------
base          email                 all (domain)            90    65.6       -    27.8
with_tool_dependency_skillsemail                 all (domain)            90    65.6    +0.0    30.0
skills_gated  email                 all (domain)            90    84.4   +18.9     7.8
verify        email                 all (domain)            90    72.2    +6.7    24.4
skills_gated_verify_with_tool_dependency_skillsemail                 all (domain)            90    84.4   +18.9     8.9

########## E12_abalation — cost / tokens (this run) ##########
  base        4,268,141 tokens  $0.6530  (scored 90)
  with_tool_dependency_skills  5,277,731 tokens  $0.8057  (scored 90)
  skills_gated  4,881,203 tokens  $0.7451  (scored 90)
  verify      6,135,971 tokens  $0.9373  (scored 90)
  skills_gated_verify_with_tool_dependency_skills  5,477,545 tokens  $0.8365  (scored 90)
  wall (this run): 896s

Wrote /Users/harshadakumbhare/Documents/GitHub/research_project/MAESTRO_v2/experiments/E12_abalation/by_domain/email/results/metrics.json

======================================================================
[E12] domain=multi_domain  conditions=['base', 'with_tool_dependency_skills', 'skills_gated', 'verify', 'skills_gated_verify_with_tool_dependency_skills']
======================================================================
[parallel] store: done {'base': 0, 'with_tool_dependency_skills': 0, 'skills_gated': 0, 'verify': 0, 'skills_gated_verify_with_tool_dependency_skills': 0}  |  remaining 1050 query-runs across ['base', 'with_tool_dependency_skills', 'skills_gated', 'verify', 'skills_gated_verify_with_tool_dependency_skills']
[parallel] launching 6 shards (max_workers=6, stagger=8s)
[parallel] started shard_00 (pid 85488)
[parallel] started shard_01 (pid 85492)
[parallel] started shard_02 (pid 85497)
[parallel] started shard_03 (pid 85501)
[parallel] started shard_04 (pid 85505)
[parallel] started shard_05 (pid 85510)
[parallel] finished shard_02  (1/6)  rc=0
[parallel] finished shard_05  (2/6)  rc=0
[parallel] finished shard_00  (3/6)  rc=0
[parallel] finished shard_04  (4/6)  rc=0
[parallel] finished shard_03  (5/6)  rc=0
[parallel] finished shard_01  (6/6)  rc=0
[parallel] shards done in 3095s wall

########## E12_abalation — standard results (from store) ##########
condition     domain                split (grain)            n    acc%   Δbase   side%
--------------------------------------------------------------------------------------
base          multi_domain          all (domain)           210    42.4       -    48.1
with_tool_dependency_skillsmulti_domain          all (domain)           210    42.4    +0.0    49.5
skills_gated  multi_domain          all (domain)           210    41.9    -0.5    52.9
verify        multi_domain          all (domain)           210    41.4    -1.0    49.0
skills_gated_verify_with_tool_dependency_skillsmulti_domain          all (domain)           210    46.7    +4.3    44.8

########## E12_abalation — cost / tokens (this run) ##########
  base       11,808,385 tokens  $1.8267  (scored 210)
  with_tool_dependency_skills 12,644,652 tokens  $1.9527  (scored 210)
  skills_gated 14,323,977 tokens  $2.2053  (scored 210)
  verify     21,136,902 tokens  $3.2692  (scored 210)
  skills_gated_verify_with_tool_dependency_skills 24,679,568 tokens  $3.8029  (scored 210)
  wall (this run): 3095s

Wrote /Users/harshadakumbhare/Documents/GitHub/research_project/MAESTRO_v2/experiments/E12_abalation/by_domain/multi_domain/results/metrics.json
